Div,Date,Time,HomeTeam,AwayTeam,FTHG,FTAG,FTR,HTHG,HTAG,HTR,HS,AS,HST,AST,HF,AF,HC,AC,HY,AY,HR,AR,B365H,B365D,B365A,BWH,BWD,BWA,IWH,IWD,IWA,PSH,PSD,PSA,WHH,WHD,WHA,VCH,VCD,VCA,MaxH,MaxD,MaxA,AvgH,AvgD,AvgA,B365>2.5,B365<2.5,P>2.5,P<2.5,Max>2.5,Max<2.5,Avg>2.5,Avg<2.5,AHh,B365AHH,B365AHA,PAHH,PAHA,MaxAHH,MaxAHA,AvgAHH,AvgAHA,B365CH,B365CD,B365CA,BWCH,BWCD,BWCA,IWCH,IWCD,IWCA,PSCH,PSCD,PSCA,WHCH,WHCD,WHCA,VCCH,VCCD,VCCA,MaxCH,MaxCD,MaxCA,AvgCH,AvgCD,AvgCA,B365C>2.5,B365C<2.5,PC>2.5,PC<2.5,MaxC>2.5,MaxC<2.5,AvgC>2.5,AvgC<2.5,AHCh,B365CAHH,B365CAHA,PCAHH,PCAHA,MaxCAHH,MaxCAHA,AvgCAHH,AvgCAHA
D1,16/08/2019,19:30,Bayern Munich,Hertha,2,2,D,1,2,A,17,6,7,3,6,17,12,0,3,3,0,0,1.14,8,15,1.18,7,16,1.25,6.1,11,1.19,7.73,15.3,1.18,7.5,15,1.18,8,15,1.25,8.3,17.5,1.18,7.55,15.04,1.33,3.4,1.36,3.35,1.4,3.4,1.34,3.24,-2,1.8,2,1.85,2.07,2.1,2.11,1.84,2.04,1.14,8,15,1.18,8,13,1.25,6.1,11,1.18,8.49,17.38,1.15,8.5,17,1.17,8,18,1.25,9.1,19.25,1.17,8,15.67,1.3,3.5,1.32,3.62,1.4,3.62,1.31,3.4,-2.25,2.03,1.9,1.99,1.93,2.04,1.93,1.98,1.91
D1,17/08/2019,14:30,Dortmund,Augsburg,5,1,H,1,1,D,23,5,10,1,8,6,10,0,0,0,0,0,1.2,7,13,1.22,6.5,12.5,1.25,6.1,11,1.23,6.76,13.52,1.2,6.5,15,1.22,6.5,15,1.25,7.15,17,1.22,6.62,13.38,1.44,2.75,1.44,2.95,1.46,2.95,1.43,2.79,-2,2.02,1.77,2.03,1.88,2.1,1.9,2.02,1.85,1.12,8,26,1.16,8,16.5,1.2,6.5,15,1.16,8.37,20.11,1.2,6.5,15,1.15,8.5,20,1.2,8.8,26,1.16,8.1,18.29,1.3,3.5,1.33,3.5,1.4,3.6,1.32,3.31,-2.25,1.92,2.01,1.92,2,1.98,2.04,1.91,1.97
D1,17/08/2019,14:30,Freiburg,Mainz,3,0,H,0,0,D,19,19,8,5,6,15,5,5,1,3,0,0,2.25,3.25,3.4,2.2,3.3,3.4,2.15,3.4,3.35,2.23,3.45,3.44,2.2,3.3,3.4,2.2,3.4,3.4,2.26,3.49,3.65,2.2,3.37,3.36,1.9,1.9,1.95,1.95,2,1.95,1.93,1.88,-0.25,1.94,1.99,1.93,2,1.94,2.01,1.91,1.98,2.55,3.3,2.7,2.5,3.3,2.85,2.6,3.3,2.7,2.74,3.3,2.77,2.2,3.3,3.4,2.63,3.3,2.8,2.74,3.38,2.96,2.61,3.29,2.78,1.9,1.9,1.98,1.92,2.01,1.96,1.93,1.89,0,1.92,2.01,1.94,1.97,1.97,2.06,1.9,1.99
D1,17/08/2019,14:30,Leverkusen,Paderborn,3,2,H,2,2,D,13,11,4,6,8,9,6,6,2,0,0,0,1.25,6,12,1.3,5.5,10,1.27,5.8,10.5,1.29,6.07,10.57,1.27,5.8,11,1.29,6,10.5,1.31,6.4,12.25,1.28,5.97,10.27,1.36,3.2,1.39,3.2,1.45,3.25,1.38,3.03,-1.75,1.98,1.95,1.97,1.94,1.99,1.97,1.95,1.93,1.22,6.5,11,1.25,6.25,11,1.27,5.8,10.5,1.27,6.69,10.45,1.25,6,12,1.25,6.5,11,1.29,7.05,13,1.25,6.52,10.7,1.28,3.75,1.3,3.73,1.35,3.85,1.29,3.58,-2,2.07,1.86,2.05,1.86,2.15,1.91,2.03,1.85
D1,17/08/2019,14:30,Werder Bremen,Fortuna Dusseldorf,1,3,A,0,1,A,23,12,10,7,8,13,14,5,0,2,0,0,1.75,3.75,4.75,1.75,4,4.4,1.7,4,4.7,1.75,4.05,4.68,1.73,3.9,4.75,1.75,4,4.6,1.8,4.05,4.95,1.74,3.93,4.57,1.66,2.2,1.72,2.22,1.72,2.28,1.67,2.21,-0.75,1.99,1.94,1.99,1.93,1.99,1.95,1.96,1.92,1.66,4.2,4.5,1.7,4,4.75,1.65,4.1,5,1.7,4.15,4.9,1.7,4,4.75,1.7,4.2,4.8,1.76,4.32,5.1,1.69,4.07,4.79,1.66,2.2,1.68,2.3,1.69,2.38,1.65,2.26,-0.75,1.92,2.01,1.92,2,1.95,2.11,1.89,2
D1,17/08/2019,14:30,Wolfsburg,FC Koln,2,1,H,1,0,H,14,11,5,2,14,18,2,6,1,3,0,0,1.95,3.5,4,1.91,3.6,4,1.9,3.8,3.85,1.91,3.96,3.98,1.88,3.8,3.9,1.9,3.9,3.9,1.97,3.96,4.1,1.91,3.74,3.91,1.66,2.2,1.69,2.28,1.72,2.29,1.67,2.21,-0.5,1.92,2.01,1.91,2.01,1.95,2.01,1.9,1.98,2.05,3.4,3.6,2.05,3.5,3.6,2.1,3.6,3.45,2.17,3.52,3.51,1.91,3.75,3.9,2.15,3.7,3.4,2.17,3.7,4.1,2.07,3.53,3.56,1.72,2.1,1.73,2.21,1.73,2.31,1.68,2.19,-0.5,2.11,1.82,2.17,1.77,2.17,1.86,2.09,1.81
D1,17/08/2019,17:30,M'gladbach,Schalke 04,0,0,D,0,0,D,16,8,4,1,8,10,8,3,3,2,0,0,2,3.5,3.75,2.1,3.5,3.5,2.05,3.45,3.65,2.09,3.51,3.76,2.05,3.4,3.7,2.1,3.5,3.6,2.11,3.6,3.76,2.06,3.49,3.6,1.8,2,1.82,2.08,1.83,2.11,1.78,2.04,-0.5,2.08,1.85,2.09,1.83,2.09,1.86,2.06,1.82,2.15,3.6,3.2,2.15,3.4,3.4,2,3.6,3.6,2.31,3.41,3.37,2.15,3.5,3.3,2.25,3.6,3.2,2.31,3.68,3.7,2.2,3.43,3.35,1.9,1.9,1.9,2,1.92,2.12,1.84,1.97,-0.25,1.99,1.94,1.98,1.94,2.02,2.13,1.93,1.95
D1,18/08/2019,14:30,Ein Frankfurt,Hoffenheim,1,0,H,1,0,H,17,10,8,1,16,9,10,5,3,1,0,0,2.25,3.6,3,2.35,3.5,2.95,2.3,3.75,2.9,2.33,3.72,3.01,2.3,3.6,3,2.3,3.7,2.9,2.45,3.8,3.04,2.32,3.65,2.92,1.53,2.5,1.58,2.51,1.58,2.6,1.54,2.46,-0.25,2.04,1.89,2.04,1.88,2.06,1.91,2.02,1.86,2.05,3.75,3.3,2.2,3.75,3,2.1,3.7,3.25,2.13,3.81,3.36,2.05,3.6,3.5,2.15,3.8,3.3,2.2,3.85,3.76,2.12,3.74,3.25,1.5,2.62,1.53,2.64,1.53,2.88,1.5,2.57,-0.25,1.88,2.05,1.86,2.06,1.9,2.2,1.86,2.03
D1,18/08/2019,17:00,Union Berlin,RB Leipzig,0,4,A,0,3,A,13,14,2,8,14,5,3,6,1,0,0,0,5,3.8,1.7,4.4,4.1,1.72,4.65,4,1.7,4.77,4.21,1.71,4.75,4,1.7,4.6,4.1,1.73,5,4.21,1.76,4.63,4.02,1.72,1.72,2.1,1.75,2.18,1.76,2.23,1.71,2.13,0.75,1.98,1.95,1.98,1.93,1.99,1.97,1.96,1.92,4.5,4,1.72,4.75,4,1.7,5,3.8,1.7,4.54,4.02,1.78,4.75,3.9,1.73,4.5,4,1.8,5.1,4.15,1.82,4.54,3.95,1.75,1.66,2.2,1.66,2.32,1.69,2.37,1.64,2.25,0.75,1.92,2.01,1.91,2.01,2.08,2.04,1.92,1.97
D1,23/08/2019,19:30,FC Koln,Dortmund,1,3,A,1,0,H,13,14,1,6,11,10,7,8,2,1,0,0,6.5,4.75,1.44,6.5,4.75,1.42,6.5,4.3,1.5,6.44,4.79,1.5,6,4.6,1.5,6.25,4.8,1.5,6.6,5,1.53,6.18,4.74,1.48,1.44,2.75,1.46,2.86,1.48,2.86,1.45,2.73,1.25,1.92,2.01,1.87,2.05,1.92,2.07,1.86,2.02,5.5,4.75,1.5,6,4.75,1.48,6.5,4.3,1.5,6.21,4.57,1.55,6,4.6,1.5,5.75,4.6,1.55,6.5,4.88,1.57,5.87,4.61,1.52,1.44,2.75,1.45,2.9,1.48,3.05,1.42,2.83,1,2.06,1.87,2.03,1.88,2.09,1.89,2.05,1.84
D1,24/08/2019,14:30,Augsburg,Union Berlin,1,1,D,0,0,D,12,13,4,1,16,19,3,4,3,1,0,1,2.2,3.4,3.3,2.2,3.3,3.2,2.2,3.4,3.25,2.31,3.34,3.37,2.25,3.3,3.3,2.25,3.4,3.3,2.31,3.45,3.45,2.24,3.32,3.31,1.9,1.9,2.03,1.87,2.03,1.92,1.95,1.86,-0.25,1.97,1.96,1.98,1.93,1.99,1.97,1.95,1.93,2.3,3.4,3,2.35,3.4,3,2.2,3.4,3.3,2.5,3.35,3.02,2.35,3.4,3,2.4,3.4,3,2.52,3.54,3.32,2.37,3.38,3.03,1.8,2,1.86,2.04,1.92,2.15,1.83,1.99,-0.25,2.08,1.85,2.14,1.79,2.16,1.94,2.06,1.83
D1,24/08/2019,14:30,Fortuna Dusseldorf,Leverkusen,1,3,A,0,3,A,11,11,6,7,14,10,1,5,3,2,0,0,4.75,4,1.7,4.25,4,1.72,4.35,4.25,1.7,4.45,4.32,1.74,4.33,4.2,1.73,4.3,4.4,1.73,4.75,4.4,1.78,4.36,4.2,1.72,1.44,2.75,1.47,2.84,1.5,2.84,1.46,2.69,0.75,2,1.93,1.98,1.94,2.01,1.94,1.96,1.91,5,4.33,1.61,4.75,4.5,1.62,4.3,4,1.75,4.8,4.59,1.65,5.25,4.33,1.6,5,4.5,1.62,5.45,4.65,1.75,4.8,4.43,1.63,1.44,2.75,1.47,2.84,1.49,2.9,1.45,2.72,1,1.87,2.06,1.86,2.06,1.96,2.28,1.83,2.05
D1,24/08/2019,14:30,Hoffenheim,Werder Bremen,3,2,H,0,1,A,10,18,3,6,13,15,3,6,2,5,0,1,1.85,3.6,4.2,1.85,3.75,3.75,1.87,4,3.75,1.9,4.09,3.88,1.85,3.9,3.9,1.9,4,3.9,1.92,4.1,4.2,1.88,3.92,3.83,1.5,2.62,1.49,2.78,1.53,2.78,1.49,2.62,-0.5,1.88,2.05,1.9,2.02,1.9,2.06,1.87,2.01,2,3.6,3.6,2.1,3.6,3.4,2,3.6,3.6,2.15,3.65,3.43,2.1,3.5,3.5,2.2,3.6,3.2,2.22,3.9,3.75,2.11,3.6,3.4,1.57,2.37,1.57,2.51,1.6,2.58,1.54,2.45,-0.25,1.8,2,1.87,2.04,1.93,2.28,1.86,2.03
D1,24/08/2019,14:30,Mainz,M'gladbach,1,3,A,1,1,D,21,15,4,6,12,14,3,5,2,2,0,0,2.9,3.4,2.4,2.85,3.4,2.35,2.85,3.45,2.45,2.85,3.48,2.56,2.8,3.4,2.5,2.8,3.4,2.55,3.25,3.55,2.59,2.86,3.42,2.46,1.8,2,1.85,2.05,1.85,2.09,1.8,2.03,0,2.07,1.86,2.07,1.85,2.1,1.87,2.06,1.83,2.62,3.4,2.7,2.65,3.4,2.65,2.8,3.4,2.5,2.67,3.56,2.67,2.62,3.5,2.62,2.63,3.5,2.63,3.25,3.6,2.74,2.68,3.47,2.6,1.72,2.1,1.76,2.15,1.86,2.19,1.76,2.07,0,1.98,1.95,1.96,1.96,2.01,1.99,1.96,1.92
D1,24/08/2019,14:30,Paderborn,Freiburg,1,3,A,1,2,A,15,9,2,4,20,6,9,5,3,1,0,0,2.37,3.5,2.9,2.35,3.5,2.75,2.6,3.3,2.7,2.38,3.7,2.95,2.35,3.6,2.88,2.38,3.7,2.88,2.69,3.75,2.95,2.38,3.6,2.84,1.57,2.37,1.61,2.44,1.8,2.44,1.61,2.31,-0.25,2.07,1.86,2.07,1.85,2.13,1.87,2.05,1.83,2.3,3.75,2.75,2.35,3.7,2.8,2.5,3.3,2.85,2.37,3.82,2.88,2.35,3.7,2.8,2.45,3.75,2.75,2.69,3.86,3,2.37,3.7,2.83,1.44,2.75,1.52,2.67,1.8,2.75,1.51,2.55,-0.25,2.13,1.81,2.08,1.84,2.13,1.86,2.08,1.82
D1,24/08/2019,17:30,Schalke 04,Bayern Munich,0,3,A,0,1,A,9,10,2,6,11,10,3,4,0,0,0,0,9,4.75,1.36,7.75,4.75,1.36,6.5,4.3,1.5,8.69,5.05,1.39,8.5,5,1.36,8,5,1.4,9,5.3,1.5,8.12,4.93,1.38,1.57,2.37,1.63,2.39,1.66,2.41,1.59,2.35,1.25,2.06,1.87,2.09,1.83,2.09,1.89,2.06,1.83,11,5.25,1.3,9,5.25,1.33,6.5,4.3,1.5,10.41,5.56,1.33,10,5.5,1.3,10,5.5,1.33,11,5.75,1.5,9.57,5.32,1.33,1.44,2.75,1.49,2.76,1.63,2.85,1.48,2.65,1.5,2.05,1.88,2.06,1.85,2.07,2.35,1.98,1.9
D1,25/08/2019,14:30,RB Leipzig,Ein Frankfurt,2,1,H,1,0,H,13,11,5,5,10,13,4,1,2,3,0,0,1.5,4.5,6,1.45,4.6,6,1.5,4.7,5.9,1.51,4.75,6.28,1.5,4.6,6,1.5,4.6,6.25,1.55,4.9,6.6,1.49,4.63,6.06,1.5,2.62,1.52,2.68,1.53,2.69,1.5,2.59,-1,1.83,2.1,1.83,2.09,1.85,2.12,1.81,2.07,1.4,4.75,7,1.44,4.75,7,1.5,4.6,6,1.43,5.13,7.1,1.42,5,7,1.44,5,7,1.5,5.15,7.5,1.43,4.9,6.85,1.4,3,1.44,2.95,1.5,3,1.43,2.81,-1.25,1.91,2.02,1.92,2,2.08,2.02,1.93,1.96
D1,25/08/2019,17:00,Hertha,Wolfsburg,0,3,A,0,1,A,8,9,2,4,15,11,2,5,1,0,0,0,2.4,3.4,2.9,2.4,3.5,2.7,2.5,3.4,2.75,2.49,3.49,2.93,2.4,3.5,2.88,2.45,3.5,2.9,2.5,3.72,3.05,2.42,3.46,2.87,1.72,2.1,1.78,2.13,1.79,2.17,1.75,2.09,-0.25,2.11,1.82,2.14,1.79,2.14,1.84,2.1,1.8,2.4,3.4,2.9,2.45,3.5,2.8,2.5,3.4,2.75,2.57,3.47,2.88,2.4,3.5,2.88,2.55,3.5,2.8,2.64,3.5,2.97,2.5,3.43,2.81,1.72,2.1,1.77,2.15,1.82,2.19,1.75,2.09,0,1.87,2.06,1.85,2.07,1.9,2.08,1.85,2.04
D1,30/08/2019,19:30,M'gladbach,RB Leipzig,1,3,A,0,1,A,11,14,3,6,17,19,9,5,3,2,0,0,3.2,4,2.05,3.2,3.8,2.1,3.4,3.5,2.1,3.31,3.81,2.15,3.25,3.75,2.1,3.25,3.8,2.15,3.45,4,2.17,3.28,3.76,2.11,1.57,2.37,1.63,2.4,1.65,2.45,1.6,2.35,0.25,2.03,1.9,2.03,1.88,2.06,1.91,2.02,1.87,3.1,3.6,2.2,3.2,3.8,2.1,3.3,3.7,2.1,3.1,3.72,2.28,3,3.8,2.2,3,3.8,2.3,3.3,4.06,2.3,3.1,3.71,2.2,1.53,2.5,1.57,2.53,1.63,2.58,1.56,2.42,0.25,1.93,2,1.93,2,2.03,2.02,1.92,1.97
D1,31/08/2019,14:30,Bayern Munich,Mainz,6,1,H,2,1,H,19,7,10,4,16,12,10,1,3,3,0,0,1.08,11,26,1.09,10.5,26,1.12,9,20,1.1,11.84,28.11,1.07,11,34,1.06,12,36,1.12,12.75,38,1.09,11.05,28.84,1.25,4,1.24,4.34,1.27,4.34,1.24,3.93,-2.75,1.9,2.03,1.9,2.02,1.92,2.03,1.89,1.99,1.08,11,26,1.09,10.5,26,1.12,9,20,1.11,11.6,25.42,1.08,11,26,1.1,12,23,1.12,12.25,31,1.1,10.73,24.26,1.22,4.33,1.22,4.61,1.27,4.75,1.21,4.32,-2.75,2.05,1.88,2.03,1.88,2.11,1.9,2.02,1.86
D1,31/08/2019,14:30,Freiburg,FC Koln,1,2,A,1,0,H,14,9,1,3,6,15,5,6,0,2,0,0,2.37,3.5,3,2.45,3.5,2.8,2.45,3.5,2.8,2.46,3.48,2.97,2.45,3.4,2.88,2.45,3.5,2.9,2.54,3.55,3,2.45,3.45,2.87,1.72,2.1,1.79,2.12,1.8,2.19,1.73,2.11,-0.25,2.05,1.75,2.12,1.8,2.17,1.83,2.12,1.78,2.6,3.4,2.62,2.55,3.5,2.7,2.6,3.45,2.65,2.68,3.54,2.68,2.62,3.5,2.62,2.63,3.5,2.63,2.68,3.55,2.85,2.59,3.46,2.68,1.66,2.2,1.71,2.23,1.75,2.26,1.69,2.17,0,1.97,1.96,1.96,1.96,2.02,1.98,1.93,1.95
D1,31/08/2019,14:30,Leverkusen,Hoffenheim,0,0,D,0,0,D,20,6,2,1,7,11,19,0,2,2,0,0,1.53,4.75,5.25,1.55,5,5,1.57,4.75,5,1.56,5.08,5.12,1.53,4.8,5.25,1.55,4.8,5.25,1.58,5.1,5.45,1.55,4.88,5.08,1.36,3.2,1.38,3.22,1.38,3.4,1.35,3.17,-1,1.9,2.03,1.89,2.02,1.92,2.03,1.87,2,1.45,5,6.5,1.55,5,5,1.57,4.6,5,1.5,4.96,6.07,1.5,4.8,5.8,1.5,5,6,1.57,5.25,6.5,1.5,4.93,5.63,1.4,3,1.42,3.03,1.42,3.25,1.38,3,-1.25,2.01,1.92,2.01,1.91,2.1,1.94,2.02,1.87
D1,31/08/2019,14:30,Schalke 04,Hertha,3,0,H,1,0,H,9,9,2,3,13,9,5,3,1,1,0,0,2.1,3.6,3.4,2.1,3.5,3.5,2.1,3.5,3.45,2.16,3.46,3.59,2.15,3.4,3.5,2.15,3.5,3.5,2.19,3.6,3.7,2.12,3.45,3.51,1.9,1.9,1.87,2.03,1.9,2.04,1.83,1.98,-0.25,1.86,2.07,1.86,2.05,1.88,2.08,1.84,2.04,2,3.6,3.6,2.1,3.5,3.5,2.05,3.55,3.5,2.13,3.57,3.57,2.05,3.6,3.5,2.1,3.6,3.5,2.15,3.68,3.75,2.08,3.51,3.56,1.8,2,1.84,2.06,1.9,2.08,1.82,2,-0.25,1.84,2.09,1.84,2.08,1.86,2.11,1.81,2.08
D1,31/08/2019,14:30,Wolfsburg,Paderborn,1,1,D,0,1,A,15,7,5,3,8,12,8,3,0,3,0,0,1.44,5,6,1.42,5,6.75,1.45,4.8,6.5,1.47,4.85,6.77,1.44,4.8,6.5,1.45,5,6.5,1.49,5.05,7,1.46,4.85,6.46,1.36,3.2,1.4,3.14,1.43,3.2,1.39,2.96,-1.25,2,1.93,2,1.93,2.02,1.95,1.97,1.91,1.44,4.75,6,1.42,5,6.75,1.45,4.8,6.5,1.48,4.8,6.73,1.47,4.75,6.5,1.5,4.8,6.25,1.5,5.05,7,1.46,4.83,6.41,1.36,3.2,1.44,2.95,1.44,3.2,1.4,2.94,-1.25,2.01,1.92,2,1.92,2.04,2.06,1.97,1.91
D1,31/08/2019,17:30,Union Berlin,Dortmund,3,1,H,1,1,D,15,13,7,2,13,2,7,4,0,0,0,0,10,5.75,1.28,9.75,5.75,1.3,9.1,5.7,1.3,8.57,5.56,1.35,9,5.5,1.32,9.5,5.5,1.33,10,6,1.36,8.99,5.56,1.32,1.44,2.75,1.49,2.75,1.49,2.88,1.46,2.7,1.5,1.94,1.99,1.94,1.98,2.02,1.99,1.96,1.92,8,5,1.36,7.5,5,1.4,9.1,5.7,1.3,8.01,5.4,1.4,8,5,1.38,7.5,5.25,1.4,9.1,5.7,1.43,7.6,5.17,1.38,1.44,2.75,1.45,2.89,1.47,2.96,1.44,2.77,1.5,1.72,2.07,1.81,2.11,1.93,2.16,1.81,2.06
D1,01/09/2019,14:30,Werder Bremen,Augsburg,3,2,H,2,1,H,15,12,5,6,9,11,4,2,1,4,0,1,1.72,4,4.5,1.65,4.1,5,1.7,4.15,4.55,1.72,4.02,4.98,1.7,4,4.8,1.7,4.1,4.8,1.74,4.25,5,1.7,4.03,4.77,1.61,2.3,1.61,2.44,1.67,2.45,1.59,2.36,-0.75,1.91,2.02,1.94,1.97,1.96,2.03,1.9,1.98,1.5,4.2,6.5,1.53,4.5,5.75,1.7,3.9,4.8,1.57,4.49,5.72,1.5,4.33,6.5,1.55,4.6,5.75,1.7,4.6,7.2,1.54,4.41,5.85,1.44,2.75,1.47,2.84,1.55,2.84,1.47,2.66,-1,1.9,2.03,1.91,2.01,2.15,2.05,1.89,1.99
D1,01/09/2019,17:00,Ein Frankfurt,Fortuna Dusseldorf,2,1,H,0,1,A,15,14,8,4,13,15,4,1,2,4,0,0,1.66,4,4.75,1.7,4,4.75,1.7,4.15,4.5,1.69,4.18,4.97,1.7,4,4.8,1.7,4.2,4.75,1.73,4.25,5.05,1.69,4.08,4.77,1.57,2.37,1.57,2.52,1.58,2.55,1.55,2.43,-0.75,1.88,2.05,1.88,2.03,1.9,2.07,1.87,2.01,1.57,4.2,5.25,1.57,4.25,5.5,1.6,4,5.5,1.62,4.29,5.5,1.57,4.2,5.8,1.6,4.4,5.5,1.63,4.45,5.95,1.59,4.25,5.43,1.5,2.62,1.51,2.69,1.56,2.76,1.51,2.53,-1,2.02,1.91,2.02,1.9,2.03,2,1.99,1.89
D1,13/09/2019,19:30,Fortuna Dusseldorf,Wolfsburg,1,1,D,1,1,D,12,15,3,6,7,14,3,8,0,2,0,0,3.1,3.5,2.25,2.95,3.6,2.3,3.05,3.4,2.3,3.08,3.69,2.3,3,3.7,2.25,3,3.7,2.3,3.17,3.8,2.35,3.03,3.62,2.28,1.66,2.2,1.67,2.31,1.7,2.35,1.65,2.24,0.25,1.92,2.01,1.91,2.01,1.95,2.03,1.9,1.98,3.1,3.6,2.2,3.1,3.7,2.2,3.05,3.4,2.3,3.18,3.78,2.22,3.1,3.7,2.2,3.1,3.75,2.2,3.2,3.8,2.3,3.09,3.68,2.22,1.66,2.2,1.7,2.25,1.72,2.35,1.67,2.22,0.25,1.96,1.97,1.97,1.94,1.98,1.98,1.94,1.94
D1,14/09/2019,14:30,Augsburg,Ein Frankfurt,2,1,H,2,0,H,9,23,6,3,8,8,2,11,2,1,0,0,3.5,3.6,2.05,3.5,3.75,2,3.4,3.5,2.1,3.6,3.8,2.05,3.5,3.6,2.05,3.3,3.8,2.1,3.65,3.85,2.2,3.48,3.69,2.05,1.61,2.3,1.64,2.37,1.66,2.4,1.61,2.32,0.25,2.05,1.75,2.15,1.78,2.16,1.87,2.1,1.79,4,3.8,1.83,3.7,3.9,1.91,3.7,3.5,2,3.91,4.02,1.91,3.8,3.9,1.88,3.75,4.1,1.9,4,4.1,2,3.78,3.94,1.89,1.44,2.75,1.52,2.68,1.55,2.85,1.48,2.66,0.5,2.03,1.9,2.01,1.91,2.04,1.95,1.98,1.9
D1,14/09/2019,14:30,Dortmund,Leverkusen,4,0,H,1,0,H,11,22,9,12,9,11,3,3,0,3,0,0,1.8,4,4,1.75,4.1,4.25,1.75,4.1,4.2,1.87,3.99,4.1,1.83,4,4,1.83,4.2,3.9,1.89,4.2,4.3,1.82,4.01,4.04,1.44,2.75,1.46,2.87,1.46,3,1.43,2.81,-0.5,1.8,2,1.87,2.05,1.88,2.1,1.83,2.04,1.8,3.9,4.2,1.87,3.9,3.8,1.75,4.1,4.2,1.84,4.11,4.11,1.83,3.9,4,1.85,4,4,1.89,4.15,4.2,1.83,3.98,4.03,1.44,2.75,1.45,2.92,1.47,3,1.44,2.78,-0.75,2,1.8,2.07,1.85,2.09,1.91,2.05,1.84
D1,14/09/2019,14:30,FC Koln,M'gladbach,0,1,A,0,1,A,14,15,7,4,22,17,4,7,2,2,0,0,2.5,3.5,2.7,2.6,3.4,2.7,2.6,3.5,2.6,2.61,3.6,2.72,2.55,3.6,2.62,2.55,3.6,2.7,2.7,3.7,2.75,2.57,3.53,2.66,1.66,2.2,1.68,2.3,1.71,2.33,1.65,2.24,0,1.91,2.02,1.92,2,1.95,2.02,1.9,1.98,2.1,3.6,3.3,2.2,3.6,3.1,2.4,3.5,2.85,2.22,3.77,3.19,2.2,3.6,3.2,2.25,3.6,3.13,2.4,3.8,3.3,2.21,3.64,3.14,1.57,2.37,1.59,2.48,1.75,2.49,1.61,2.33,-0.25,1.95,1.98,1.94,1.98,1.98,2.02,1.93,1.95
D1,14/09/2019,14:30,Mainz,Hertha,2,1,H,1,0,H,14,16,5,8,16,11,6,3,2,2,0,0,2.3,3.4,3.1,2.4,3.5,2.9,2.4,3.4,2.9,2.36,3.55,3.09,2.35,3.4,3,2.4,3.5,3,2.5,3.56,3.1,2.38,3.44,2.98,1.72,2.1,1.79,2.12,1.82,2.15,1.78,2.05,-0.25,2.07,1.86,2.05,1.87,2.15,1.88,2.06,1.83,2.37,3.3,3,2.4,3.5,2.9,2.4,3.4,2.9,2.41,3.55,3,2.38,3.5,2.9,2.4,3.5,2.9,2.5,3.64,3.03,2.38,3.49,2.93,1.66,2.2,1.72,2.22,1.75,2.23,1.71,2.15,-0.25,2.1,1.83,2.09,1.83,2.15,1.87,2.07,1.82
D1,14/09/2019,14:30,Union Berlin,Werder Bremen,1,2,A,1,1,D,12,16,5,7,23,10,7,4,3,4,1,1,2.87,3.5,2.4,2.9,3.5,2.4,2.75,3.4,2.5,2.8,3.55,2.56,2.75,3.5,2.5,2.8,3.5,2.5,2.9,3.6,2.6,2.79,3.5,2.48,1.66,2.2,1.67,2.32,1.72,2.32,1.67,2.21,0,2.07,1.86,2.05,1.87,2.08,1.87,2.05,1.84,2.3,3.6,2.87,2.4,3.5,2.85,2.5,3.4,2.75,2.38,3.85,2.86,2.35,3.7,2.8,2.38,3.8,2.8,2.55,3.89,2.95,2.38,3.68,2.83,1.57,2.37,1.55,2.58,1.65,2.58,1.56,2.43,-0.25,2.1,1.83,2.09,1.83,2.15,1.85,2.08,1.81
D1,14/09/2019,17:30,RB Leipzig,Bayern Munich,1,1,D,1,1,D,12,14,6,7,11,4,3,6,4,2,0,0,3.8,4,1.85,3.75,4.1,1.85,3.5,3.7,2,3.78,4.27,1.88,3.9,4,1.83,3.8,4.1,1.87,4.05,4.27,2,3.78,4.04,1.87,1.44,2.75,1.5,2.74,1.52,2.79,1.47,2.68,0.5,2.05,1.88,2.03,1.88,2.06,1.95,2.01,1.87,4,4.2,1.75,4.4,4.25,1.7,3.6,3.6,2,4.64,4.5,1.68,4.33,4.2,1.73,4.4,4.33,1.73,4.7,4.56,2,4.3,4.3,1.73,1.4,3,1.44,2.95,1.49,3,1.43,2.8,0.75,2.05,1.88,2.06,1.86,2.09,2.01,2,1.89
D1,15/09/2019,14:30,Hoffenheim,Freiburg,0,3,A,0,2,A,22,16,5,8,10,6,12,4,0,2,0,0,1.7,4.2,4.5,1.7,4.2,4.5,1.7,4,4.7,1.7,4.32,4.7,1.67,4.2,4.75,1.7,4.2,4.75,1.75,4.4,4.9,1.69,4.2,4.6,1.57,2.37,1.58,2.51,1.58,2.55,1.55,2.45,-0.75,1.9,2.03,1.9,2.02,1.93,2.04,1.88,1.99,1.85,3.8,3.8,1.91,3.7,3.9,1.85,3.6,4.3,2,3.66,3.93,1.91,3.6,4,1.95,3.8,3.8,2.05,3.9,4.3,1.93,3.69,3.9,1.72,2.1,1.73,2.21,1.73,2.38,1.67,2.2,-0.5,1.98,1.95,2,1.92,2.02,2.01,1.95,1.93
D1,15/09/2019,17:00,Paderborn,Schalke 04,1,5,A,1,1,D,9,18,1,11,17,12,3,5,2,1,0,0,3.1,3.5,2.25,3,3.75,2.2,3.2,3.5,2.2,3.05,3.67,2.33,3,3.7,2.25,3,3.7,2.3,3.2,3.8,2.33,3.04,3.64,2.26,1.53,2.5,1.56,2.56,1.63,2.6,1.54,2.45,0.25,1.92,2.01,1.88,2.03,1.96,2.03,1.89,1.98,3,3.6,2.3,3.1,3.5,2.25,3,3.5,2.3,3.09,3.7,2.29,3.1,3.6,2.25,3,3.6,2.3,3.15,3.8,2.33,3.06,3.62,2.26,1.57,2.37,1.57,2.51,1.63,2.55,1.56,2.42,0.25,1.92,2.01,1.91,2.01,1.95,2.04,1.9,1.98
D1,20/09/2019,19:30,Schalke 04,Mainz,2,1,H,1,0,H,19,14,6,3,7,15,5,5,1,1,0,0,1.61,4.2,5,1.65,3.9,5.25,1.67,4.1,4.9,1.65,4.16,5.33,1.65,4,5.25,1.65,4.2,5,1.7,4.22,5.4,1.66,4.07,5.11,1.66,2.2,1.68,2.3,1.72,2.3,1.67,2.22,-0.75,1.86,2.07,1.84,2.08,1.93,2.08,1.84,2.04,1.61,4.2,5,1.67,3.9,5.25,1.67,4,4.9,1.68,4.1,5.24,1.63,4,5.25,1.67,4.2,4.8,1.7,4.25,5.4,1.66,4.08,5.06,1.57,2.37,1.6,2.47,1.67,2.47,1.6,2.35,-1,2.07,1.72,2.17,1.77,2.2,1.81,2.14,1.76
D1,21/09/2019,14:30,Bayern Munich,FC Koln,4,0,H,1,0,H,24,16,5,2,15,20,12,4,4,0,0,1,1.11,10,21,1.13,9,19.5,1.12,9.3,18.5,1.13,9.47,23.05,1.11,9,23,1.11,10,21,1.14,10.5,31,1.12,9.25,21.04,1.25,4,1.27,4.01,1.27,4.05,1.25,3.83,-2.5,1.98,1.95,1.99,1.93,1.99,1.96,1.95,1.92,1.11,9.5,21,1.1,10.5,21,1.12,9.3,18.5,1.12,10.38,25.44,1.1,9.5,26,1.1,10,26,1.15,11,28,1.11,9.89,22.41,1.22,4.33,1.23,4.5,1.26,4.51,1.23,4.07,-2.5,1.86,2.07,1.86,2.06,1.9,2.08,1.86,2.02
D1,21/09/2019,14:30,Freiburg,Augsburg,1,1,D,1,1,D,17,12,5,2,13,13,7,4,1,1,0,0,1.9,3.75,3.8,1.87,3.75,4,2,3.5,3.7,1.9,3.88,4.1,1.88,3.7,4,1.9,3.8,3.9,2.05,3.9,4.2,1.9,3.77,3.92,1.66,2.2,1.67,2.31,1.72,2.31,1.67,2.21,-0.5,1.91,2.02,1.9,2.02,2.05,2.03,1.9,1.98,1.9,3.75,3.8,1.87,3.75,4,2,3.5,3.7,1.98,3.77,3.89,1.91,3.7,3.9,1.95,3.9,3.6,2.01,3.95,4.58,1.91,3.78,3.87,1.57,2.37,1.63,2.38,1.67,2.5,1.62,2.31,-0.5,1.98,1.95,1.98,1.94,2,2.01,1.94,1.94
D1,21/09/2019,14:30,Hertha,Paderborn,2,1,H,1,0,H,6,17,4,8,13,15,1,8,4,4,0,0,1.7,4,4.75,1.7,4,4.75,1.8,3.9,4.1,1.74,4.05,4.76,1.73,4,4.6,1.73,4.2,4.33,1.8,4.2,4.95,1.73,4.02,4.54,1.44,2.75,1.49,2.78,1.55,2.78,1.48,2.64,-0.75,1.95,1.98,1.95,1.97,1.96,2,1.93,1.95,1.6,4.2,5.25,1.62,4.25,5,1.75,3.9,4.4,1.63,4.64,4.93,1.57,4.4,5.25,1.62,4.6,4.8,1.75,4.78,5.8,1.62,4.45,4.91,1.33,3.4,1.37,3.27,1.5,3.48,1.37,3.12,-0.75,1.7,2.1,1.78,2.15,1.8,2.27,1.76,2.15
D1,21/09/2019,14:30,Leverkusen,Union Berlin,2,0,H,2,0,H,20,4,7,0,10,10,8,1,0,1,0,1,1.36,5.5,7.5,1.36,5.25,8,1.35,5.3,8,1.36,5.44,8.6,1.36,5.25,7.5,1.36,5.5,7.5,1.41,5.7,8.6,1.36,5.31,7.82,1.44,2.75,1.46,2.86,1.52,2.88,1.44,2.74,-1.5,2.06,1.87,2.06,1.86,2.07,1.91,2.02,1.86,1.33,5,8,1.36,5.25,7.75,1.43,5,6.5,1.37,5.53,8.11,1.35,5.25,8,1.36,5.5,7.5,1.43,5.7,9,1.36,5.33,7.83,1.36,3.2,1.41,3.08,1.45,3.2,1.39,2.96,-1.5,1.99,1.94,1.96,1.96,2.05,1.97,1.97,1.91
D1,21/09/2019,17:30,Werder Bremen,RB Leipzig,0,3,A,0,2,A,11,14,1,7,11,13,4,7,0,3,0,1,4.2,4.2,1.72,4.33,4.2,1.72,4.2,4.1,1.75,4.24,4.35,1.77,4.2,4.2,1.75,4,4.3,1.8,4.55,4.5,1.8,4.19,4.25,1.75,1.44,2.75,1.48,2.79,1.49,2.83,1.46,2.69,0.75,1.91,2.02,1.93,1.99,1.93,2.04,1.9,1.97,4.2,4.2,1.72,4.1,4.25,1.75,4.2,4.1,1.75,4.26,4.28,1.78,4.2,4.2,1.75,4.1,4.3,1.75,4.45,4.45,1.8,4.16,4.23,1.76,1.5,2.62,1.52,2.66,1.52,2.86,1.47,2.67,0.75,1.92,2.01,1.91,2.01,1.95,2.03,1.9,1.97
D1,22/09/2019,14:30,M'gladbach,Fortuna Dusseldorf,2,1,H,0,1,A,23,18,11,4,14,11,10,4,2,3,0,0,1.66,4,5,1.67,4,5,1.67,4.15,4.55,1.71,4.07,4.95,1.67,4.2,4.75,1.7,4.2,4.75,1.74,4.34,5.2,1.69,4.09,4.77,1.53,2.5,1.57,2.53,1.57,2.6,1.54,2.46,-0.75,1.91,2.02,1.91,2.01,1.92,2.04,1.88,2,1.72,3.8,4.5,1.75,3.9,4.5,1.75,3.9,4.4,1.79,3.94,4.6,1.73,3.9,4.6,1.73,4,4.6,1.84,4.1,4.8,1.76,3.89,4.54,1.61,2.3,1.65,2.36,1.65,2.45,1.6,2.35,-0.75,2,1.93,2.02,1.9,2.05,1.97,1.98,1.9
D1,22/09/2019,17:00,Ein Frankfurt,Dortmund,2,2,D,1,1,D,17,15,3,7,18,10,5,8,2,2,0,0,4.33,4,1.75,4.4,4.25,1.7,4.2,4.1,1.75,4.37,4.27,1.76,4.33,4.2,1.73,4.2,4.3,1.75,4.5,4.4,1.79,4.29,4.22,1.74,1.44,2.75,1.49,2.78,1.53,2.86,1.46,2.7,0.75,1.94,1.99,1.93,1.98,1.96,2,1.92,1.95,5.25,4.2,1.57,5,4.25,1.62,4.2,3.9,1.8,5.29,4.6,1.6,5.25,4.33,1.6,4.8,4.6,1.62,5.4,4.68,1.8,4.96,4.42,1.62,1.4,3,1.44,2.93,1.47,3,1.43,2.81,1,1.89,2.04,1.93,2,2.02,2.3,1.86,2.02
D1,23/09/2019,19:30,Wolfsburg,Hoffenheim,1,1,D,1,1,D,12,11,4,5,11,18,4,6,2,4,0,0,1.95,3.75,3.75,1.95,3.9,3.5,1.93,3.9,3.6,1.97,3.82,3.9,1.95,3.75,3.75,2,3.9,3.6,2,3.95,3.92,1.95,3.81,3.7,1.53,2.5,1.58,2.51,1.6,2.63,1.53,2.48,-0.5,1.97,1.96,1.97,1.95,1.97,1.97,1.95,1.93,2,3.75,3.4,2.1,3.6,3.4,2.1,3.6,3.35,2.13,3.78,3.37,2.05,3.7,3.4,2.1,3.8,3.3,2.18,3.87,3.53,2.09,3.73,3.35,1.61,2.3,1.64,2.37,1.66,2.47,1.62,2.32,-0.25,1.85,2.08,1.87,2.05,1.87,2.1,1.83,2.06
D1,27/09/2019,19:30,Union Berlin,Ein Frankfurt,1,2,A,0,0,D,12,14,5,6,11,12,4,5,1,1,0,0,3,3.5,2.3,3,3.6,2.3,3,3.5,2.3,3.03,3.71,2.32,3,3.6,2.3,2.9,3.7,2.3,3.19,3.75,2.38,2.99,3.64,2.3,1.57,2.37,1.61,2.43,1.65,2.55,1.58,2.39,0.25,1.9,2.03,1.88,2.03,1.91,2.04,1.87,2,2.8,3.6,2.37,2.9,3.5,2.4,2.85,3.5,2.4,2.99,3.53,2.43,2.9,3.5,2.38,2.8,3.6,2.45,3.06,3.7,2.48,2.9,3.52,2.39,1.66,2.2,1.7,2.25,1.71,2.4,1.64,2.27,0.25,1.81,2.13,1.82,2.1,1.84,2.16,1.8,2.09
D1,28/09/2019,14:30,Augsburg,Leverkusen,0,3,A,0,1,A,8,11,1,5,16,9,1,3,4,0,0,0,5,4.5,1.6,5,4.5,1.6,4.55,4.5,1.63,4.79,4.65,1.65,4.75,4.4,1.63,4.5,4.6,1.65,5,4.7,1.68,4.71,4.52,1.63,1.4,3,1.41,3.09,1.45,3.2,1.39,2.99,1,1.85,2.08,1.87,2.05,1.88,2.09,1.84,2.03,4.5,4.2,1.7,4.33,4.2,1.72,4.3,4,1.75,4.32,4.25,1.78,4.33,4.2,1.73,4.2,4.33,1.73,4.58,4.4,1.79,4.29,4.21,1.74,1.53,2.5,1.53,2.65,1.55,2.85,1.49,2.6,0.75,1.95,1.98,1.93,1.98,2.07,2,1.94,1.94
D1,28/09/2019,14:30,Hoffenheim,M'gladbach,0,3,A,0,1,A,17,11,4,5,10,11,2,5,2,2,0,0,2.5,3.5,2.75,2.45,3.5,2.8,2.6,3.5,2.6,2.43,3.69,2.88,2.4,3.6,2.8,2.45,3.6,2.8,2.6,3.75,2.89,2.43,3.61,2.79,1.57,2.37,1.6,2.46,1.67,2.5,1.58,2.38,-0.25,2.1,1.83,2.12,1.81,2.2,1.84,2.1,1.79,2.7,3.4,2.55,2.6,3.6,2.55,2.5,3.5,2.75,2.82,3.53,2.55,2.62,3.5,2.6,2.75,3.6,2.5,2.85,3.7,2.75,2.71,3.55,2.53,1.66,2.2,1.68,2.3,1.68,2.4,1.62,2.3,0,2.08,1.85,2.06,1.85,2.09,1.93,2.03,1.86
D1,28/09/2019,14:30,Mainz,Wolfsburg,0,1,A,0,1,A,15,4,5,3,9,15,10,1,2,3,0,0,2.9,3.5,2.37,2.8,3.5,2.45,2.9,3.55,2.35,2.96,3.58,2.42,2.88,3.6,2.35,2.88,3.6,2.4,3,3.72,2.5,2.89,3.52,2.4,1.72,2.1,1.76,2.15,1.78,2.2,1.73,2.1,0.25,1.82,2.11,1.83,2.1,1.83,2.15,1.8,2.08,2.87,3.5,2.4,2.75,3.5,2.5,2.8,3.5,2.45,2.87,3.58,2.49,2.8,3.5,2.45,2.88,3.5,2.45,2.93,3.61,2.6,2.82,3.49,2.46,1.72,2.1,1.76,2.17,1.82,2.19,1.74,2.1,0.25,1.72,2.07,1.78,2.15,1.82,2.19,1.77,2.12
D1,28/09/2019,14:30,Paderborn,Bayern Munich,2,3,A,0,1,A,10,18,5,6,7,6,11,5,1,1,0,0,15,10,1.14,17,8.25,1.15,15.5,9,1.15,15.7,9.17,1.15,15,9,1.14,17,10,1.13,18.5,10.5,1.18,15.89,9.07,1.14,1.2,4.5,1.19,4.97,1.21,5,1.19,4.65,2.5,1.95,1.98,1.93,1.97,1.96,1.99,1.92,1.95,15,10,1.14,21,9.75,1.11,17,8,1.15,20.69,11.4,1.12,23,11,1.1,26,11,1.09,28,12,1.15,20.74,10.52,1.11,1.14,5.5,1.14,6.27,1.2,6.5,1.14,5.5,2.75,2.1,1.83,2.1,1.83,2.21,1.9,2.05,1.84
D1,28/09/2019,14:30,RB Leipzig,Schalke 04,1,3,A,0,2,A,17,13,6,8,13,11,8,4,1,1,0,0,1.53,4.33,6,1.55,4.25,6,1.57,4.45,5.3,1.59,4.41,5.68,1.57,4.4,5.5,1.57,4.5,5.4,1.62,4.65,6.05,1.56,4.41,5.57,1.53,2.5,1.53,2.64,1.53,2.69,1.5,2.56,-1,1.95,1.98,1.94,1.97,1.96,1.99,1.92,1.94,1.53,4.33,5.5,1.57,4.33,5.5,1.57,4.3,5.5,1.59,4.32,5.77,1.57,4.2,5.8,1.57,4.4,5.5,1.62,4.5,5.9,1.57,4.31,5.59,1.57,2.37,1.61,2.43,1.62,2.55,1.57,2.41,-1,2,1.93,1.99,1.93,2.04,2.04,1.96,1.92
D1,28/09/2019,17:30,Dortmund,Werder Bremen,2,2,D,2,1,H,19,11,7,5,8,10,9,2,1,0,0,0,1.25,6.5,11,1.26,6.25,10.5,1.27,6,10,1.28,6.5,9.9,1.27,6,10,1.25,6.5,11,1.3,6.75,11.25,1.27,6.3,10.09,1.3,3.5,1.33,3.53,1.35,3.6,1.32,3.36,-1.75,1.91,2.02,1.9,2.02,1.92,2.04,1.89,1.99,1.33,5.75,8.5,1.3,6,8.5,1.27,6,10,1.32,5.81,9.44,1.3,5.5,10,1.33,6,8,1.35,6,10,1.32,5.74,8.68,1.33,3.4,1.34,3.47,1.36,3.66,1.33,3.33,-1.5,1.93,2,1.93,1.99,1.95,2.05,1.89,1.99
D1,29/09/2019,14:30,Fortuna Dusseldorf,Freiburg,1,2,A,1,1,D,17,9,7,3,9,9,5,1,2,2,0,0,2.37,3.4,2.87,2.4,3.5,2.9,2.45,3.55,2.75,2.5,3.68,2.79,2.45,3.6,2.75,2.45,3.6,2.8,2.52,3.7,3.05,2.44,3.58,2.78,1.66,2.2,1.65,2.35,1.69,2.35,1.64,2.26,0,1.86,2.07,1.85,2.07,1.87,2.09,1.84,2.05,2.5,3.4,2.7,2.55,3.5,2.7,2.6,3.35,2.7,2.6,3.48,2.79,2.55,3.5,2.7,2.55,3.5,2.7,2.63,3.6,2.99,2.55,3.45,2.74,1.8,2,1.81,2.09,1.86,2.25,1.77,2.07,-0.25,2.15,1.67,2.24,1.72,2.28,1.83,2.21,1.72
D1,29/09/2019,17:00,FC Koln,Hertha,0,4,A,0,1,A,8,10,3,6,11,13,8,4,1,0,1,0,2.15,3.6,3.3,2.15,3.6,3.25,2.1,3.7,3.2,2.16,3.71,3.35,2.15,3.6,3.25,2.15,3.7,3.3,2.28,3.8,3.35,2.15,3.66,3.23,1.61,2.3,1.65,2.35,1.66,2.43,1.61,2.32,-0.25,1.9,2.03,1.88,2.03,1.95,2.04,1.87,2,2.05,3.6,3.4,2.15,3.5,3.3,2.25,3.4,3.2,2.15,3.6,3.48,2.1,3.6,3.4,2.15,3.6,3.3,2.25,3.7,3.5,2.13,3.57,3.37,1.66,2.2,1.71,2.24,1.73,2.4,1.66,2.24,-0.25,1.88,2.05,1.87,2.05,1.89,2.07,1.86,2.02
D1,04/10/2019,19:30,Hertha,Fortuna Dusseldorf,3,1,H,2,1,H,16,9,3,3,17,18,9,2,3,3,0,0,1.65,4,4.75,1.67,4.2,4.75,1.8,3.7,4.4,1.68,4.17,5.12,1.67,4,5,1.67,4.2,4.8,1.8,4.25,5.2,1.68,4.09,4.88,1.57,2.37,1.61,2.43,1.73,2.45,1.6,2.35,-0.75,1.86,2.07,1.86,2.06,1.95,2.08,1.84,2.04,1.61,4,5,1.67,4.2,4.75,1.7,3.8,5,1.67,4.29,5,1.63,4,5.25,1.65,4.2,5,1.73,4.33,5.6,1.66,4.17,4.89,1.53,2.5,1.54,2.61,1.65,2.61,1.55,2.46,-0.75,1.83,2.1,1.85,2.07,1.9,2.16,1.83,2.06
D1,05/10/2019,14:30,Bayern Munich,Hoffenheim,1,2,A,0,0,D,20,8,4,5,8,12,9,3,2,0,0,0,1.11,9,26,1.12,10,18.5,1.11,10,20,1.1,10.81,26.13,1.1,10,23,1.1,10.5,26,1.13,11.5,30,1.11,10.03,23.32,1.22,4.33,1.21,4.64,1.25,4.64,1.21,4.31,-2.75,2.01,1.92,2.01,1.89,2.02,1.95,1.98,1.89,1.1,9.5,26,1.12,9.75,18,1.12,9,20,1.11,11.32,23.47,1.1,11,23,1.09,12,22,1.13,12,29,1.1,10.34,22.35,1.16,5,1.16,5.69,1.22,5.75,1.17,4.91,-2.75,1.94,1.99,1.92,2,1.98,2.03,1.93,1.95
D1,05/10/2019,14:30,Freiburg,Dortmund,2,2,D,0,1,A,6,8,1,4,10,8,3,11,0,3,0,0,5.75,4.2,1.57,5.25,4.5,1.57,4.8,4.2,1.65,5.5,4.28,1.62,5.25,4.2,1.6,5.2,4.4,1.6,5.75,4.5,1.66,5.3,4.32,1.59,1.44,2.75,1.48,2.79,1.49,2.83,1.45,2.72,1,1.92,2.01,1.93,2,1.95,2.01,1.9,1.97,5.5,4,1.6,5,4.25,1.62,4.7,4,1.7,5.26,4.29,1.64,5.5,4.2,1.6,5.2,4.3,1.62,5.9,4.31,1.7,5.19,4.13,1.64,1.66,2.2,1.68,2.28,1.73,2.55,1.66,2.23,1,1.77,2.02,1.83,2.09,1.89,2.19,1.8,2.09
D1,05/10/2019,14:30,Leverkusen,RB Leipzig,1,1,D,0,0,D,11,11,8,5,11,12,4,0,2,2,0,0,2.25,3.5,3.1,2.3,3.8,2.85,2.5,3.7,2.6,2.36,3.8,2.91,2.3,3.7,2.88,2.3,3.8,2.88,2.5,3.85,3.1,2.33,3.73,2.86,1.53,2.5,1.55,2.59,1.55,2.72,1.51,2.56,-0.25,2.06,1.87,2.07,1.85,2.15,1.88,2.04,1.84,2.3,3.6,2.87,2.4,3.7,2.75,2.3,3.7,2.85,2.43,3.68,2.89,2.4,3.6,2.8,2.38,3.75,2.8,2.51,3.85,2.96,2.41,3.69,2.77,1.53,2.5,1.53,2.64,1.54,2.7,1.51,2.55,-0.25,2.05,1.75,2.11,1.81,2.19,1.84,2.12,1.77
D1,05/10/2019,14:30,Paderborn,Mainz,1,2,A,1,2,A,16,18,7,7,8,18,7,10,1,4,0,0,2.5,3.5,2.8,2.55,3.6,2.65,2.6,3.5,2.6,2.53,3.87,2.67,2.5,3.75,2.62,2.45,3.8,2.7,2.6,3.9,2.8,2.49,3.75,2.64,1.44,2.75,1.45,2.89,1.5,2.9,1.44,2.76,0,1.9,2.03,1.9,2.01,1.91,2.04,1.88,1.99,2.45,3.6,2.75,2.45,3.9,2.6,2.6,3.5,2.6,2.49,3.95,2.67,2.5,3.9,2.55,2.45,3.9,2.63,2.6,4.1,2.8,2.47,3.85,2.62,1.36,3.2,1.37,3.28,1.5,3.3,1.36,3.12,-0.25,2.15,1.67,2.19,1.76,2.2,1.8,2.16,1.75
D1,05/10/2019,17:30,Schalke 04,FC Koln,1,1,D,0,0,D,15,9,3,5,15,15,6,4,4,4,0,0,1.57,4.33,5.5,1.62,4.1,5.25,1.6,4.2,5.3,1.66,4.21,5.22,1.63,4.2,5,1.65,4.33,4.8,1.7,4.34,5.5,1.64,4.15,5.08,1.57,2.37,1.63,2.39,1.63,2.45,1.59,2.35,-1,2.13,1.81,2.12,1.81,2.15,1.83,2.1,1.79,1.6,4.33,5.25,1.6,4.25,5.25,1.7,4,4.7,1.62,4.42,5.34,1.62,4.2,5.25,1.6,4.4,5.2,1.7,4.51,5.45,1.63,4.29,5.04,1.57,2.37,1.6,2.46,1.61,2.55,1.57,2.42,-0.75,1.7,2.1,1.78,2.16,2,2.21,1.78,2.1
D1,06/10/2019,12:30,M'gladbach,Augsburg,5,1,H,4,0,H,13,13,9,3,9,9,2,7,1,2,0,0,1.5,4.33,6.5,1.53,4.4,6,1.55,4.55,5.5,1.54,4.66,5.95,1.52,4.5,5.8,1.5,4.6,5.4,1.6,4.75,6.5,1.53,4.53,5.75,1.5,2.62,1.5,2.73,1.53,2.73,1.5,2.59,-1,1.89,2.04,1.86,2.06,1.93,2.06,1.86,2.01,1.53,4.2,6.5,1.53,4.4,6,1.57,4.2,5.6,1.56,4.58,5.79,1.5,4.33,6.5,1.55,4.6,5.5,1.58,4.65,7.3,1.54,4.46,5.77,1.44,2.75,1.48,2.8,1.5,2.85,1.46,2.7,-1,1.91,2.02,1.9,2.02,1.93,2.13,1.88,1.99
D1,06/10/2019,14:30,Wolfsburg,Union Berlin,1,0,H,0,0,D,13,14,4,3,17,15,5,4,2,2,0,0,1.66,4,5,1.65,4,5.25,1.67,3.95,5,1.69,3.81,5.56,1.65,4,5.25,1.65,4,4.75,1.73,4.24,5.85,1.67,3.89,5.22,1.72,2.1,1.7,2.25,1.78,2.25,1.71,2.15,-0.75,1.89,2.04,1.89,2.03,1.9,2.08,1.86,2.02,1.9,3.6,4,1.83,3.6,4.4,1.8,3.6,4.5,2.01,3.4,4.24,1.91,3.5,4.2,2,3.6,3.75,2.02,3.66,4.5,1.95,3.44,4.1,1.9,1.9,1.93,1.97,1.93,2.15,1.84,1.98,-0.5,2.01,1.92,2.01,1.91,2.03,2,1.97,1.91
D1,06/10/2019,17:00,Ein Frankfurt,Werder Bremen,2,2,D,0,1,A,24,11,7,5,12,8,10,1,2,1,0,0,2.1,3.6,3.4,2.15,3.7,3.2,2.2,3.75,3,2.19,3.66,3.35,2.15,3.6,3.25,2.1,3.8,3,2.25,3.8,3.4,2.17,3.65,3.18,1.53,2.5,1.52,2.67,1.53,2.72,1.49,2.59,-0.25,1.94,1.99,1.9,2.01,1.96,2.01,1.91,1.97,1.9,3.8,3.5,2.05,3.7,3.4,2,3.65,3.65,2.01,3.89,3.66,2,3.8,3.5,2.05,3.8,3.4,2.05,4.03,3.85,2,3.76,3.57,1.44,2.75,1.47,2.85,1.5,2.86,1.46,2.71,-0.5,2.02,1.91,2.01,1.91,2.05,1.92,2,1.88
D1,18/10/2019,19:30,Ein Frankfurt,Leverkusen,3,0,H,2,0,H,10,19,5,10,11,12,4,1,1,1,0,0,2.75,3.9,2.3,2.85,3.75,2.3,2.8,3.6,2.4,2.9,3.89,2.34,2.88,3.75,2.3,2.8,3.9,2.3,2.96,4,2.42,2.85,3.79,2.32,1.53,2.5,1.53,2.62,1.55,2.63,1.52,2.52,0.25,1.87,2.06,1.86,2.06,1.89,2.07,1.84,2.03,2.7,3.8,2.37,2.75,3.7,2.4,2.8,3.6,2.4,2.79,3.85,2.43,2.7,3.75,2.4,2.75,3.8,2.4,3.07,3.9,2.56,2.74,3.76,2.41,1.53,2.5,1.52,2.66,1.54,2.7,1.51,2.54,0.25,1.75,2.05,1.8,2.12,1.83,2.17,1.78,2.11
D1,19/10/2019,14:30,Augsburg,Bayern Munich,2,2,D,1,1,D,9,24,7,9,10,6,3,7,3,3,0,0,15,8,1.16,16,7.75,1.17,13,7,1.2,16.25,8.41,1.16,17,8,1.15,13,8.5,1.17,21,9,1.2,16.44,8.18,1.16,1.28,3.75,1.29,3.8,1.3,3.9,1.28,3.64,2.25,2.05,1.88,2.05,1.85,2.06,1.89,2,1.86,17,8.5,1.14,20,8.5,1.13,13,7,1.2,19.86,9.57,1.13,19,9,1.12,13,9.5,1.15,23,10.25,1.2,18.63,9.13,1.13,1.25,4,1.25,4.18,1.26,4.26,1.25,3.89,2.5,1.96,1.97,1.96,1.96,1.97,2.2,1.92,1.96
D1,19/10/2019,14:30,Fortuna Dusseldorf,Mainz,1,0,H,0,0,D,20,7,4,1,10,17,8,1,2,4,0,1,2.55,3.4,2.62,2.45,3.6,2.75,2.6,3.4,2.65,2.65,3.61,2.67,2.55,3.6,2.62,2.6,3.6,2.63,2.65,3.7,2.76,2.57,3.55,2.65,1.66,2.2,1.71,2.24,1.72,2.32,1.66,2.22,0,1.95,1.98,1.95,1.97,1.96,2.01,1.91,1.96,2.55,3.4,2.62,2.65,3.5,2.6,2.65,3.35,2.65,2.72,3.7,2.55,2.6,3.6,2.6,2.7,3.6,2.5,2.75,3.74,2.72,2.66,3.58,2.55,1.57,2.37,1.62,2.41,1.65,2.47,1.6,2.35,0,2.03,1.9,2.02,1.89,2.06,1.91,2,1.88
D1,19/10/2019,14:30,RB Leipzig,Wolfsburg,1,1,D,0,0,D,13,14,5,6,10,9,3,3,1,3,0,0,1.53,4.5,5.75,1.55,4.2,6,1.57,4.2,5.6,1.56,4.41,6.14,1.53,4.33,6,1.53,4.5,5.75,1.58,4.55,6.25,1.54,4.35,5.9,1.61,2.3,1.64,2.38,1.65,2.43,1.61,2.32,-1,1.93,2,1.93,1.99,1.93,2.01,1.9,1.96,1.53,4.5,5.5,1.53,4.33,6,1.57,4.2,5.6,1.55,4.42,6.21,1.52,4.4,6,1.53,4.5,5.75,1.58,4.6,6.26,1.54,4.37,5.85,1.57,2.37,1.59,2.48,1.62,2.55,1.58,2.39,-1,1.93,2,1.92,2,1.95,2.03,1.91,1.96
D1,19/10/2019,14:30,Union Berlin,Freiburg,2,0,H,1,0,H,18,12,5,4,21,13,3,4,3,0,0,0,2.5,3.5,2.7,2.4,3.6,2.8,2.6,3.3,2.75,2.68,3.5,2.7,2.6,3.4,2.7,2.6,3.5,2.7,2.68,3.6,2.8,2.58,3.45,2.69,1.9,1.9,1.92,1.99,1.92,2.05,1.85,1.97,0,1.94,1.99,1.95,1.96,1.95,2.01,1.91,1.96,2.55,3.3,2.7,2.6,3.4,2.7,2.65,3.35,2.65,2.68,3.41,2.75,2.6,3.4,2.7,2.6,3.4,2.75,2.72,3.46,2.79,2.64,3.35,2.7,1.9,1.9,2,1.9,2,1.97,1.92,1.9,0,1.92,2.01,1.93,1.99,1.95,2.03,1.91,1.97
D1,19/10/2019,14:30,Werder Bremen,Hertha,1,1,D,1,0,H,15,11,5,2,8,11,7,5,1,1,0,0,2.1,3.75,3.2,2.05,3.8,3.4,2.15,3.7,3.15,2.18,3.71,3.31,2.1,3.7,3.25,2.15,3.75,3.2,2.2,3.8,3.4,2.14,3.68,3.25,1.53,2.5,1.56,2.57,1.56,2.63,1.52,2.51,-0.25,1.92,2.01,1.91,2.01,1.92,2.02,1.88,1.99,2.25,3.6,3,2.3,3.4,3.1,2.3,3.6,2.95,2.37,3.63,3.02,2.3,3.5,3,2.38,3.6,2.9,2.39,3.7,3.1,2.32,3.57,2.97,1.66,2.2,1.65,2.34,1.7,2.36,1.63,2.27,-0.25,2.05,1.88,2.06,1.86,2.07,1.9,2.02,1.85
D1,19/10/2019,17:30,Dortmund,M'gladbach,1,0,H,0,0,D,20,13,7,3,13,15,10,8,1,2,0,0,1.44,5,6.5,1.45,5,6.25,1.57,4.2,5.6,1.48,4.94,6.5,1.47,5,6,1.44,5,6.5,1.57,5.05,6.75,1.47,4.83,6.25,1.36,3.2,1.38,3.22,1.4,3.25,1.37,3.07,-1.25,2,1.93,1.98,1.93,2.01,2.01,1.97,1.9,1.53,4.75,5,1.57,4.5,5.25,1.65,4.5,4.5,1.57,4.52,5.73,1.53,4.75,5.25,1.57,4.6,5.25,1.65,4.9,6.05,1.56,4.5,5.47,1.5,2.62,1.5,2.74,1.52,2.82,1.48,2.63,-1,1.97,1.96,1.97,1.95,1.99,2.03,1.92,1.95
D1,20/10/2019,14:30,FC Koln,Paderborn,3,0,H,1,0,H,16,9,6,1,6,7,6,9,0,0,0,0,1.65,4.5,4.33,1.67,4.2,4.6,1.75,4,4.3,1.69,4.42,4.65,1.65,4.33,4.6,1.65,4.4,4.2,1.75,4.59,4.75,1.68,4.36,4.5,1.36,3.2,1.41,3.09,1.5,3.2,1.38,3.02,-0.75,1.87,2.06,1.88,2.04,1.9,2.08,1.85,2.03,1.65,4.5,4.33,1.67,4.4,4.4,1.7,4,4.6,1.74,4.44,4.35,1.7,4.4,4.33,1.73,4.5,4.1,1.78,4.62,4.6,1.71,4.39,4.27,1.25,4,1.29,3.81,1.33,4,1.27,3.73,-0.75,1.92,2.01,1.93,2,1.95,2.04,1.9,1.98
D1,20/10/2019,17:00,Hoffenheim,Schalke 04,2,0,H,0,0,D,9,11,3,1,12,14,3,8,2,2,0,0,2.75,3.4,2.55,2.65,3.6,2.55,2.7,3.5,2.5,2.76,3.6,2.57,2.62,3.5,2.6,2.63,3.5,2.5,2.76,3.65,2.75,2.69,3.52,2.55,1.72,2.1,1.7,2.26,1.76,2.26,1.71,2.15,0,2.03,1.9,2.03,1.88,2.04,1.94,1.98,1.89,2.62,3.6,2.55,2.65,3.6,2.55,2.6,3.5,2.6,2.67,3.58,2.67,2.62,3.5,2.6,2.63,3.6,2.6,2.75,3.7,2.69,2.66,3.55,2.57,1.72,2.1,1.75,2.17,1.75,2.28,1.69,2.18,0,1.98,1.95,1.96,1.96,2,1.97,1.96,1.92
D1,25/10/2019,19:30,Mainz,FC Koln,3,1,H,1,1,D,18,16,6,8,20,9,5,10,2,2,0,0,2.5,3.6,2.62,2.55,3.5,2.7,2.6,3.35,2.7,2.59,3.58,2.74,2.5,3.6,2.7,2.5,3.6,2.7,2.63,3.7,2.83,2.55,3.54,2.7,1.57,2.37,1.57,2.51,1.65,2.51,1.58,2.39,0,1.9,2.03,1.9,2.01,1.92,2.04,1.88,1.99,2.55,3.6,2.55,2.55,3.6,2.6,2.65,3.4,2.65,2.57,3.76,2.67,2.55,3.6,2.6,2.55,3.7,2.63,2.65,3.8,2.75,2.56,3.62,2.63,1.53,2.5,1.56,2.54,1.6,2.72,1.55,2.44,0,1.97,1.96,1.92,2,1.97,2.05,1.91,1.97
D1,26/10/2019,14:30,Bayern Munich,Union Berlin,2,1,H,1,0,H,21,6,10,4,9,15,8,2,0,1,0,0,1.09,12,19,1.11,11,16.5,1.12,9,20,1.11,10.36,22.05,1.1,11,21,1.1,11.5,21,1.13,12,26,1.11,10.24,20.85,1.22,4.33,1.18,5.11,1.22,5.11,1.2,4.43,-2.75,2.03,1.9,2.01,1.89,2.04,1.91,2,1.87,1.09,12,19,1.1,11,21,1.12,9,20,1.11,10.96,23.13,1.1,11,23,1.09,12,23,1.13,13,28,1.1,10.59,22.23,1.22,4.33,1.18,5.17,1.22,5.17,1.2,4.49,-2.75,1.96,1.97,1.95,1.96,1.99,1.99,1.95,1.93
D1,26/10/2019,14:30,Freiburg,RB Leipzig,2,1,H,1,0,H,14,25,3,6,10,9,5,4,3,1,0,0,4,3.8,1.85,4.25,3.8,1.8,3.9,3.75,1.9,4.14,3.73,1.93,4,3.7,1.88,3.9,3.8,1.9,4.25,3.9,1.97,3.96,3.74,1.9,1.66,2.2,1.67,2.32,1.69,2.33,1.63,2.27,0.5,2,1.93,1.99,1.93,2.02,1.96,1.96,1.91,4.75,4.2,1.65,4.5,4,1.72,4,3.6,1.9,4.95,4.24,1.68,4.8,4,1.7,4.8,4.1,1.7,5.2,4.29,1.9,4.8,4.04,1.7,1.61,2.3,1.63,2.39,1.67,2.47,1.62,2.3,0.75,2.07,1.86,2.05,1.87,2.11,1.92,2.01,1.87
D1,26/10/2019,14:30,Hertha,Hoffenheim,2,3,A,0,2,A,13,17,4,8,17,12,4,4,3,3,1,0,2.05,3.6,3.6,2.1,3.5,3.5,2.1,3.65,3.35,2.09,3.78,3.51,2.05,3.7,3.4,2.1,3.75,3.3,2.25,3.81,3.6,2.1,3.66,3.37,1.61,2.3,1.63,2.39,1.7,2.41,1.62,2.31,-0.25,1.85,2.08,1.82,2.11,1.95,2.11,1.83,2.05,2,3.9,3.3,2.1,3.7,3.3,2.25,3.5,3.1,2.13,3.83,3.35,2.05,3.8,3.3,2.1,3.8,3.25,2.25,4,3.46,2.11,3.7,3.3,1.66,2.2,1.65,2.35,1.7,2.4,1.65,2.25,-0.25,1.88,2.05,1.86,2.06,1.9,2.06,1.85,2.03
D1,26/10/2019,14:30,Paderborn,Fortuna Dusseldorf,2,0,H,1,0,H,14,18,6,4,21,17,4,7,5,4,0,0,2.37,3.75,2.7,2.35,3.8,2.8,2.35,3.9,2.7,2.45,3.93,2.73,2.38,3.8,2.7,2.38,3.9,2.7,2.47,4,2.85,2.38,3.85,2.73,1.36,3.2,1.42,3.05,1.42,3.2,1.39,2.97,-0.25,2.09,1.84,2.15,1.79,2.15,1.85,2.08,1.81,2.5,3.75,2.6,2.45,3.8,2.65,2.6,3.5,2.6,2.57,3.9,2.6,2.5,3.75,2.6,2.5,3.8,2.63,2.6,3.95,2.69,2.5,3.78,2.61,1.4,3,1.44,2.93,1.44,3.05,1.41,2.89,0,1.94,1.99,1.95,1.97,1.97,2.01,1.91,1.97
D1,26/10/2019,14:30,Schalke 04,Dortmund,0,0,D,0,0,D,13,8,3,3,8,7,8,2,3,2,0,0,3.1,3.6,2.2,3.1,3.4,2.3,3.05,3.5,2.25,3.1,3.59,2.33,3.1,3.5,2.25,3,3.6,2.3,3.2,3.65,2.35,3.07,3.51,2.29,1.66,2.2,1.72,2.22,1.74,2.25,1.69,2.18,0.25,1.91,2.02,1.89,2.03,1.93,2.03,1.88,1.99,3.2,3.6,2.1,3.3,3.5,2.15,3.2,3.5,2.2,3.18,3.57,2.3,3.2,3.6,2.2,3.1,3.6,2.25,3.33,3.72,2.33,3.18,3.51,2.24,1.8,2,1.83,2.07,1.86,2.15,1.8,2.03,0.25,1.95,1.98,1.93,2,1.97,2.01,1.93,1.96
D1,26/10/2019,17:30,Leverkusen,Werder Bremen,2,2,D,1,1,D,21,10,4,3,12,13,10,1,2,1,0,0,1.57,4.33,5.5,1.6,4.33,5.25,1.63,4.3,4.9,1.63,4.39,5.31,1.6,4.2,5.25,1.62,4.33,5,1.7,4.45,5.5,1.62,4.29,5.1,1.44,2.75,1.44,2.94,1.46,2.95,1.43,2.78,-1,2.03,1.9,1.99,1.93,2.1,1.93,2,1.87,1.65,4.33,4.5,1.7,4,4.75,1.75,4,4.3,1.71,4.21,4.78,1.65,4.2,4.8,1.7,4.2,4.6,1.75,4.44,5.1,1.7,4.12,4.66,1.57,2.37,1.6,2.47,1.61,2.63,1.55,2.44,-0.75,1.93,2,1.91,2.01,1.95,2.12,1.89,1.99
D1,27/10/2019,14:30,Wolfsburg,Augsburg,0,0,D,0,0,D,14,10,3,5,12,13,5,3,0,0,0,0,1.57,4.33,5.5,1.6,4.33,5.25,1.6,4.15,5.5,1.59,4.24,5.95,1.57,4.2,5.8,1.55,4.3,5.2,1.62,4.34,6,1.59,4.19,5.6,1.61,2.3,1.65,2.34,1.67,2.42,1.62,2.29,-1,2,1.93,2.01,1.91,2.07,1.95,1.99,1.88,1.57,4.33,5.5,1.57,4.25,5.5,1.6,4.1,5.4,1.64,4.13,5.52,1.6,4.2,5.5,1.62,4.2,5.25,1.66,4.4,6.25,1.61,4.14,5.44,1.72,2.1,1.74,2.19,1.82,2.28,1.69,2.17,-1,2.1,1.83,2.11,1.81,2.12,1.86,2.06,1.82
D1,27/10/2019,17:00,M'gladbach,Ein Frankfurt,4,2,H,2,0,H,12,15,7,3,12,11,5,6,1,1,0,0,1.83,4,3.75,1.95,3.7,3.75,1.9,3.9,3.75,1.91,4.12,3.8,1.91,3.9,3.7,1.87,4,3.5,2,4.12,3.84,1.91,3.93,3.69,1.5,2.62,1.51,2.71,1.54,2.72,1.5,2.58,-0.5,1.92,2.01,1.91,2.01,1.96,2.03,1.91,1.97,2.05,3.75,3.3,2,3.9,3.4,2.1,3.6,3.35,2.1,3.88,3.38,2.1,3.7,3.25,2.1,3.8,3.3,2.2,3.91,3.45,2.09,3.78,3.29,1.5,2.62,1.51,2.69,1.55,2.76,1.5,2.58,-0.25,1.84,2.09,1.84,2.08,1.86,2.14,1.83,2.05
D1,01/11/2019,19:30,Hoffenheim,Paderborn,3,0,H,3,0,H,12,9,7,2,7,12,4,4,0,1,0,0,1.4,4.75,7,1.45,4.75,6.5,1.45,4.75,6.5,1.45,5.16,6.54,1.42,5,7,1.44,5,6.5,1.5,5.25,7.15,1.44,4.94,6.59,1.3,3.5,1.31,3.65,1.37,3.65,1.31,3.42,-1.25,1.9,2.03,1.91,2.01,1.95,2.05,1.89,1.98,1.4,4.5,7,1.44,5,6.5,1.45,4.75,6.5,1.47,5.06,6.51,1.42,4.8,7,1.45,5,6.5,1.49,5.3,7.4,1.45,4.95,6.48,1.36,3.2,1.34,3.47,1.37,3.47,1.33,3.29,-1.25,1.93,2,1.92,2,1.96,2.01,1.91,1.97
D1,02/11/2019,14:30,Dortmund,Wolfsburg,3,0,H,0,0,D,17,12,8,3,12,18,7,2,1,3,0,0,1.5,4.5,6.5,1.5,4.33,6.5,1.55,4.2,5.9,1.56,4.14,6.67,1.5,4.33,6.5,1.53,4.5,5.75,1.59,4.5,6.95,1.53,4.25,6.31,1.61,2.3,1.65,2.36,1.68,2.36,1.64,2.28,-1,1.94,1.99,1.96,1.96,1.96,2.01,1.91,1.96,1.5,4.5,5.5,1.55,4.1,6.25,1.6,3.9,5.7,1.52,4.38,6.78,1.52,4.2,6.5,1.55,4.2,6.25,1.62,4.66,6.87,1.54,4.23,6.21,1.66,2.2,1.61,2.43,1.7,2.47,1.62,2.3,-1,1.88,2.05,1.89,2.02,2.08,2.08,1.89,1.98
D1,02/11/2019,14:30,Ein Frankfurt,Bayern Munich,5,1,H,2,1,H,17,7,11,3,12,7,3,0,1,2,0,1,6.5,5.25,1.4,7,5,1.42,6,4.5,1.5,7.04,5.42,1.41,7,5.25,1.4,6.5,5.4,1.4,7.5,5.5,1.5,6.7,5.19,1.42,1.3,3.5,1.33,3.53,1.37,3.6,1.31,3.39,1.25,2.05,1.88,2.06,1.85,2.09,1.9,2.03,1.85,6.5,5.5,1.4,6.5,5.5,1.4,6,4.5,1.5,6.66,5.82,1.4,6.5,5.5,1.4,6.5,5.5,1.4,7,5.91,1.5,6.54,5.51,1.4,1.28,3.75,1.28,3.93,1.35,4.02,1.29,3.59,1.5,1.91,2.02,1.93,2,1.95,2.25,1.87,2.01
D1,02/11/2019,14:30,Leverkusen,M'gladbach,1,2,A,1,2,A,23,11,6,6,13,8,13,0,2,1,1,0,1.95,3.9,3.5,2,3.9,3.4,1.97,3.85,3.5,2.04,3.84,3.61,2,3.75,3.5,2,3.9,3.5,2.1,3.95,3.7,2,3.82,3.5,1.5,2.62,1.51,2.71,1.55,2.71,1.5,2.57,-0.5,2.02,1.91,2.04,1.88,2.1,1.92,2.01,1.87,1.8,4,4,1.85,4,3.8,2.1,3.6,3.35,1.93,3.93,3.94,1.85,3.9,3.9,1.87,4,3.8,2.1,4.1,4.1,1.89,3.86,3.85,1.61,2.3,1.63,2.39,1.65,2.45,1.6,2.33,-0.5,1.9,2.03,1.93,2,2.1,2.04,1.91,1.96
D1,02/11/2019,14:30,RB Leipzig,Mainz,8,0,H,5,0,H,19,10,12,2,10,7,3,4,0,1,0,0,1.33,5.25,8,1.36,5.25,8.25,1.37,5,8,1.35,5.39,9.08,1.33,5.25,9,1.36,5.5,7.5,1.38,5.55,9.5,1.35,5.32,8.32,1.4,3,1.41,3.08,1.5,3.08,1.42,2.87,-1.5,2.01,1.92,1.98,1.93,2.02,1.94,1.98,1.89,1.33,5.75,8.5,1.36,5.25,7.75,1.37,5,8,1.33,6,8.57,1.33,5.5,8.5,1.33,5.75,8.5,1.42,6.09,9.6,1.34,5.57,8.15,1.33,3.4,1.33,3.51,1.45,3.62,1.36,3.12,-1.5,1.9,2.03,1.88,2.03,2.09,2.07,1.92,1.96
D1,02/11/2019,14:30,Werder Bremen,Freiburg,2,2,D,1,1,D,20,13,10,3,17,9,5,0,3,4,0,1,1.85,3.8,3.8,1.95,3.7,3.7,2.1,3.5,3.4,1.95,3.87,3.89,1.95,3.7,3.8,1.95,3.8,3.7,2.1,3.9,3.98,1.95,3.73,3.74,1.66,2.2,1.67,2.31,1.69,2.33,1.65,2.25,-0.5,1.97,1.96,1.95,1.97,2.1,1.97,1.95,1.92,1.8,4,3.8,1.87,3.8,4,2,3.6,3.6,1.88,3.98,4.09,1.88,3.9,3.8,1.85,4,3.9,2,4.14,4.2,1.88,3.84,3.93,1.57,2.37,1.61,2.44,1.65,2.47,1.6,2.34,-0.5,1.88,2.05,1.88,2.04,2,2.08,1.88,1.99
D1,02/11/2019,17:30,Union Berlin,Hertha,1,0,H,0,0,D,16,8,6,3,14,9,1,4,1,1,0,0,2.87,3.3,2.5,2.8,3.4,2.5,2.8,3.3,2.55,2.86,3.42,2.58,2.8,3.3,2.55,2.8,3.3,2.6,2.88,3.45,2.61,2.81,3.34,2.53,1.9,1.9,1.94,1.96,1.95,1.97,1.9,1.91,0,2.06,1.87,2.06,1.85,2.08,1.88,2.03,1.84,2.45,3.3,2.87,2.8,3.4,2.5,2.85,3.3,2.5,2.64,3.43,2.78,2.6,3.4,2.7,2.5,3.4,2.88,2.85,3.48,2.88,2.62,3.37,2.7,1.9,1.9,1.93,1.98,1.97,2.05,1.87,1.94,0,1.89,2.04,1.91,2.01,1.97,2.09,1.89,1.99
D1,03/11/2019,14:30,Fortuna Dusseldorf,FC Koln,2,0,H,1,0,H,9,8,3,1,10,20,3,4,1,3,0,0,2.8,3.4,2.5,2.7,3.7,2.45,2.7,3.65,2.45,2.77,3.69,2.51,2.7,3.6,2.5,2.63,3.7,2.4,2.85,3.8,2.6,2.72,3.63,2.46,1.57,2.37,1.62,2.41,1.63,2.5,1.57,2.4,0,2.06,1.87,2.06,1.86,2.07,1.9,2.03,1.85,2.9,3.4,2.4,2.75,3.5,2.5,2.7,3.45,2.55,2.96,3.46,2.48,2.9,3.4,2.45,2.9,3.4,2.45,3,3.55,2.6,2.88,3.42,2.45,1.72,2.1,1.82,2.08,1.84,2.35,1.77,2.07,0.25,1.81,2.13,1.79,2.14,1.84,2.2,1.79,2.11
D1,03/11/2019,17:00,Augsburg,Schalke 04,2,3,A,1,1,D,12,11,4,3,12,10,1,6,3,5,0,0,4,3.6,1.85,3.9,3.7,1.91,3.7,3.7,1.95,3.83,3.92,1.95,3.7,3.8,1.95,3.6,3.75,1.9,4,4,1.99,3.75,3.79,1.93,1.72,2.1,1.76,2.16,1.77,2.24,1.71,2.14,0.5,1.97,1.96,1.96,1.95,1.98,1.97,1.94,1.93,4.5,3.75,1.75,4.2,3.8,1.83,3.7,3.5,2,4.31,4.05,1.81,4.4,3.9,1.78,4.1,4.1,1.8,4.62,4.1,2,4.18,3.91,1.81,1.61,2.3,1.61,2.42,1.67,2.5,1.61,2.34,0.5,2.05,1.75,2.11,1.81,2.16,1.93,2.08,1.81
D1,08/11/2019,19:30,FC Koln,Hoffenheim,1,2,A,1,0,H,11,15,3,5,21,14,5,7,4,3,0,0,2.5,3.6,2.7,2.6,3.6,2.6,2.6,3.5,2.6,2.62,3.62,2.69,2.55,3.6,2.62,2.6,3.6,2.63,2.67,3.76,2.78,2.58,3.59,2.64,1.61,2.3,1.63,2.39,1.72,2.43,1.61,2.33,0,1.93,2,1.93,1.99,2.01,2.01,1.92,1.96,2.2,3.6,3,2.4,3.6,2.8,2.6,3.5,2.6,2.29,3.81,3.03,2.25,3.7,3,2.25,3.75,3,2.6,3.85,3.1,2.29,3.7,2.94,1.66,2.2,1.66,2.32,1.7,2.37,1.63,2.28,-0.25,2,1.93,2.01,1.91,2.05,1.96,1.99,1.89
D1,09/11/2019,14:30,Hertha,RB Leipzig,2,4,A,1,2,A,7,10,3,7,12,12,0,5,2,1,0,0,4.2,4,1.8,4.2,3.9,1.8,4,3.85,1.85,4.19,3.93,1.86,4,3.8,1.85,3.9,4,1.85,4.3,4.05,1.91,4.06,3.88,1.84,1.57,2.37,1.59,2.48,1.63,2.48,1.59,2.36,0.5,2.06,1.87,2.05,1.86,2.1,1.88,2.04,1.84,4.33,4.2,1.7,4.25,4.25,1.72,4,3.8,1.85,4.56,4.3,1.72,4.6,4.2,1.7,4.4,4.2,1.73,4.85,4.38,1.85,4.4,4.16,1.73,1.5,2.62,1.51,2.7,1.54,2.71,1.5,2.57,0.75,2,1.93,2,1.92,2.01,2,1.96,1.92
D1,09/11/2019,14:30,Mainz,Union Berlin,2,3,A,0,2,A,18,14,5,4,15,15,3,2,1,4,0,0,2.15,3.4,3.5,2.2,3.3,3.4,2.2,3.45,3.3,2.21,3.42,3.52,2.15,3.4,3.4,2.2,3.5,3.3,2.25,3.5,3.55,2.2,3.39,3.36,1.9,1.9,1.88,2.02,1.91,2.02,1.85,1.97,-0.25,1.92,2.01,1.9,2.02,1.93,2.02,1.89,1.99,2.37,3.4,2.87,2.2,3.4,3.3,2.35,3.35,3,2.51,3.34,3.01,2.35,3.3,3.1,2.45,3.4,2.9,2.52,3.5,3.35,2.37,3.34,3.08,1.9,1.9,1.89,2.01,1.92,2.08,1.86,1.96,-0.25,2.14,1.8,2.15,1.78,2.17,1.95,2.08,1.81
D1,09/11/2019,14:30,Paderborn,Augsburg,0,1,A,0,1,A,12,13,4,5,15,12,5,7,1,3,0,0,2.62,3.75,2.5,2.6,3.8,2.5,2.5,3.5,2.7,2.61,3.86,2.58,2.55,3.75,2.55,2.6,3.8,2.55,2.65,3.9,2.7,2.59,3.75,2.54,1.44,2.75,1.47,2.83,1.47,2.99,1.44,2.77,0,1.98,1.95,1.97,1.95,2,1.96,1.95,1.93,2.5,3.75,2.6,2.4,3.8,2.7,2.6,3.5,2.6,2.62,3.62,2.69,2.55,3.7,2.55,2.55,3.8,2.55,2.7,3.85,2.75,2.53,3.69,2.63,1.53,2.5,1.56,2.57,1.56,2.75,1.5,2.58,0,1.9,2.03,1.93,1.98,2,2.05,1.91,1.97
D1,09/11/2019,14:30,Schalke 04,Fortuna Dusseldorf,3,3,D,1,0,H,12,9,5,5,9,15,2,4,2,4,0,0,1.5,4.2,7,1.5,4.25,6.75,1.53,4.3,6.1,1.54,4.37,6.4,1.52,4.2,6.5,1.53,4.4,6.25,1.57,4.5,7,1.52,4.31,6.29,1.72,2.1,1.75,2.18,1.78,2.43,1.71,2.15,-1,1.9,2.03,1.93,1.99,1.93,2.03,1.88,1.98,1.61,4,5,1.67,3.8,5.25,1.67,3.9,5,1.68,3.93,5.48,1.62,4,5.5,1.67,4,5.2,1.7,4.14,5.75,1.66,3.93,5.24,1.8,2,1.83,2.07,1.85,2.2,1.78,2.05,-0.75,1.92,2.01,1.89,2.03,1.95,2.12,1.87,2.01
D1,09/11/2019,17:30,Bayern Munich,Dortmund,4,0,H,1,0,H,17,2,5,0,11,12,2,1,2,1,0,0,1.53,4.75,5.5,1.57,4.6,5,1.7,4.2,4.4,1.57,4.62,5.61,1.55,4.5,5.5,1.53,4.75,5.5,1.7,4.8,5.75,1.56,4.57,5.32,1.4,3,1.43,2.99,1.45,3,1.41,2.87,-1,1.88,2.05,1.88,2.03,2,2.08,1.88,1.99,1.53,4.5,5.25,1.57,4.6,5,1.7,4.3,4.3,1.6,4.83,5.02,1.55,4.6,5.25,1.55,4.8,5.2,1.7,5,5.6,1.58,4.65,5.06,1.36,3.2,1.4,3.15,1.43,3.22,1.39,2.99,-1,1.92,2.01,1.93,1.99,2,2.06,1.92,1.95
D1,10/11/2019,12:30,M'gladbach,Werder Bremen,3,1,H,2,0,H,17,16,7,7,17,11,3,8,5,4,1,0,1.72,4.1,4.33,1.72,4,4.5,1.73,4.15,4.4,1.75,4.21,4.47,1.75,4,4.33,1.7,4.2,4.1,1.8,4.34,4.67,1.73,4.12,4.35,1.53,2.5,1.51,2.7,1.57,2.7,1.5,2.56,-0.75,1.97,1.96,1.97,1.95,1.99,1.97,1.94,1.93,1.9,4,3.6,1.91,3.9,3.7,1.9,3.9,3.7,2.04,3.88,3.56,1.95,3.9,3.6,2,4,3.4,2.07,4.08,3.7,1.97,3.84,3.58,1.53,2.5,1.56,2.56,1.56,2.75,1.51,2.55,-0.5,2.06,1.87,2.04,1.88,2.09,1.95,1.99,1.88
D1,10/11/2019,14:30,Wolfsburg,Leverkusen,0,2,A,0,1,A,9,9,1,4,8,9,9,0,2,2,0,0,2.87,3.6,2.37,2.9,3.5,2.4,3,3.45,2.3,3.02,3.58,2.39,3,3.5,2.35,2.8,3.6,2.3,3.1,3.78,2.45,2.96,3.47,2.36,1.8,2,1.83,2.07,1.85,2.29,1.78,2.04,0.25,1.86,2.07,1.85,2.07,1.88,2.1,1.83,2.04,3.1,3.6,2.15,3.1,3.5,2.25,3.1,3.55,2.25,3.25,3.67,2.23,3.2,3.6,2.2,3.2,3.6,2.2,3.28,3.72,2.32,3.16,3.57,2.22,1.72,2.1,1.73,2.21,1.82,2.25,1.72,2.14,0.25,2,1.93,1.98,1.94,2.02,1.97,1.96,1.92
D1,10/11/2019,17:00,Freiburg,Ein Frankfurt,1,0,H,0,0,D,13,17,7,6,7,13,8,10,1,3,1,2,2.7,3.6,2.5,2.75,3.6,2.45,2.7,3.55,2.5,2.79,3.64,2.53,2.75,3.5,2.5,2.6,3.6,2.45,2.83,3.7,2.6,2.74,3.54,2.48,1.66,2.2,1.67,2.32,1.7,2.32,1.66,2.23,0,2.03,1.9,2.06,1.86,2.08,1.91,2.02,1.85,2.75,3.75,2.37,2.8,3.6,2.4,2.95,3.3,2.4,2.84,3.68,2.46,2.9,3.6,2.35,2.75,3.75,2.4,3.15,3.82,2.54,2.82,3.62,2.41,1.61,2.3,1.64,2.38,1.67,2.47,1.62,2.31,0.25,1.72,2.07,1.79,2.14,1.89,2.2,1.78,2.11
D1,22/11/2019,19:30,Dortmund,Paderborn,3,3,D,0,3,A,18,10,7,4,8,7,10,2,3,1,0,0,1.14,9,15,1.15,8.5,16.5,1.17,8,14,1.15,8.81,17.75,1.15,8,17,1.15,9,15,1.18,9.15,19,1.15,8.57,16.15,1.22,4.33,1.21,4.63,1.23,4.63,1.22,4.19,-2.5,2,1.8,2.05,1.85,2.11,1.89,2.05,1.81,1.14,9,15,1.14,8.75,17,1.17,8,14,1.16,8.25,16.56,1.14,8.5,17,1.15,9,15,1.2,9.5,21,1.15,8.48,15.68,1.25,4,1.25,4.18,1.26,4.3,1.24,3.98,-2.25,2.01,1.92,2.03,1.87,2.04,2.02,1.94,1.92
D1,23/11/2019,14:30,Ein Frankfurt,Wolfsburg,0,2,A,0,1,A,17,9,9,6,13,22,12,1,3,5,0,1,2,3.6,3.6,2,3.7,3.6,2,3.7,3.55,2.04,3.76,3.68,2,3.7,3.6,2.05,3.7,3.5,2.06,3.89,3.74,2.02,3.67,3.55,1.66,2.2,1.68,2.3,1.69,2.35,1.65,2.25,-0.5,2.04,1.89,2.04,1.88,2.05,1.89,2.01,1.85,2.05,3.6,3.5,2.15,3.5,3.3,2.1,3.55,3.35,2.13,3.61,3.52,2.05,3.5,3.6,2.1,3.6,3.4,2.15,3.66,3.82,2.1,3.56,3.43,1.66,2.2,1.71,2.24,1.74,2.33,1.68,2.18,-0.25,1.84,2.09,1.85,2.07,1.87,2.18,1.83,2.06
D1,23/11/2019,14:30,Fortuna Dusseldorf,Bayern Munich,0,4,A,0,3,A,12,18,1,5,8,6,8,6,1,1,0,0,13,8,1.18,14.5,7.5,1.18,12.5,6.5,1.22,13.41,7.54,1.2,15,7.5,1.18,15,8,1.17,16.5,8.35,1.22,13.56,7.57,1.19,1.3,3.5,1.29,3.76,1.31,3.85,1.29,3.5,2,2.05,1.75,2.12,1.79,2.14,1.9,2.07,1.8,13,7,1.2,9.75,7,1.25,11,6.1,1.25,10.65,6.72,1.26,13,6.5,1.22,12,7,1.22,13.5,7.5,1.28,11.18,6.77,1.23,1.33,3.4,1.34,3.44,1.35,3.7,1.32,3.33,2,1.85,2.08,1.84,2.07,1.9,2.13,1.83,2.04
D1,23/11/2019,14:30,Leverkusen,Freiburg,1,1,D,1,1,D,27,7,9,2,9,14,13,3,0,3,0,0,1.45,4.75,6.5,1.5,4.4,6.5,1.5,4.55,6,1.52,4.6,6.29,1.5,4.6,6,1.5,4.75,6,1.55,4.84,7,1.5,4.57,6.15,1.53,2.5,1.58,2.49,1.58,2.63,1.53,2.48,-1,1.72,2.07,1.84,2.08,1.85,2.14,1.79,2.07,1.44,4.75,6.5,1.48,4.5,6.75,1.55,4.3,5.7,1.46,4.58,7.76,1.42,4.75,7.5,1.45,4.75,7,1.55,4.9,7.93,1.45,4.6,6.99,1.66,2.2,1.65,2.35,1.7,2.36,1.64,2.26,-1.25,2.06,1.87,2.07,1.85,2.09,1.96,2.03,1.85
D1,23/11/2019,14:30,Union Berlin,M'gladbach,2,0,H,1,0,H,11,12,6,2,12,7,2,6,1,1,0,0,3.6,3.6,2.05,3.4,3.6,2.1,3.35,3.6,2.1,3.52,3.7,2.1,3.4,3.6,2.1,3.4,3.7,2.1,3.7,3.8,2.16,3.4,3.63,2.09,1.72,2.1,1.71,2.24,1.75,2.25,1.69,2.17,0.25,2.08,1.85,2.09,1.83,2.11,1.87,2.06,1.81,3.4,3.8,2,3.7,3.75,1.95,4.1,3.5,1.9,3.6,3.75,2.06,3.6,3.7,2,3.4,3.8,2.05,4.1,3.9,2.08,3.56,3.7,2.01,1.66,2.2,1.68,2.28,1.75,2.32,1.67,2.21,0.5,1.88,2.05,1.85,2.06,1.9,2.08,1.85,2.02
D1,23/11/2019,14:30,Werder Bremen,Schalke 04,1,2,A,0,1,A,16,10,5,5,12,15,1,3,3,2,0,0,2.45,3.5,2.8,2.45,3.6,2.75,2.45,3.6,2.75,2.47,3.71,2.82,2.45,3.6,2.75,2.45,3.7,2.75,2.55,3.75,2.84,2.45,3.62,2.74,1.57,2.37,1.61,2.43,1.63,2.45,1.59,2.36,0,1.85,2.08,1.83,2.09,1.88,2.09,1.83,2.04,2.7,3.6,2.45,2.7,3.4,2.6,2.55,3.5,2.65,2.84,3.41,2.6,2.75,3.5,2.5,2.7,3.6,2.5,2.91,3.68,2.85,2.7,3.45,2.58,1.72,2.1,1.7,2.25,1.72,2.39,1.68,2.2,0,2.07,1.86,2.05,1.87,2.11,1.94,2.01,1.87
D1,23/11/2019,17:30,RB Leipzig,FC Koln,4,1,H,3,1,H,20,6,8,1,9,15,13,3,0,3,0,0,1.33,5.75,7.5,1.33,5.5,8.75,1.35,5.3,8,1.36,5.45,8.65,1.33,5.5,8.5,1.33,5.75,8,1.38,5.8,9,1.35,5.46,8.08,1.4,3,1.4,3.11,1.42,3.2,1.39,2.97,-1.5,2,1.93,2,1.92,2.01,2.01,1.95,1.91,1.44,4.75,6.5,1.42,4.75,7.25,1.4,4.8,7.6,1.42,5.01,7.63,1.42,4.75,7.5,1.44,5,6.5,1.47,5.1,7.75,1.43,4.87,7,1.44,2.75,1.45,2.9,1.48,2.95,1.43,2.79,-1.25,1.97,1.96,1.95,1.97,1.99,1.98,1.93,1.94
D1,24/11/2019,14:30,Augsburg,Hertha,4,0,H,2,0,H,14,5,5,1,8,18,3,3,0,2,0,1,2.62,3.5,2.62,2.55,3.6,2.65,2.6,3.5,2.6,2.62,3.66,2.67,2.6,3.5,2.62,2.5,3.6,2.55,2.68,3.7,2.7,2.59,3.53,2.61,1.72,2.1,1.7,2.26,1.73,2.27,1.68,2.18,0,1.95,1.98,1.94,1.98,1.96,1.99,1.92,1.94,2.45,3.6,2.62,2.55,3.5,2.7,2.55,3.6,2.6,2.68,3.68,2.6,2.5,3.6,2.7,2.5,3.6,2.7,2.8,3.75,3.02,2.56,3.57,2.65,1.61,2.3,1.68,2.29,1.78,2.47,1.65,2.25,0,1.96,1.97,1.99,1.93,2.04,2.17,1.91,1.97
D1,24/11/2019,17:00,Hoffenheim,Mainz,1,5,A,0,1,A,22,11,8,5,10,13,14,3,1,3,0,1,1.65,4.33,4.75,1.65,4.1,5,1.67,4.1,4.7,1.68,4.08,5.24,1.65,4.2,5,1.65,4.2,4.5,1.72,4.33,5.3,1.66,4.07,4.88,1.53,2.5,1.6,2.47,1.6,2.67,1.53,2.46,-1,2.07,1.72,2.13,1.8,2.19,1.82,2.11,1.76,1.66,4,4.75,1.67,4,5,1.65,4,5,1.73,3.96,4.97,1.7,3.9,5,1.7,4.1,4.6,1.75,4.3,5.1,1.7,3.96,4.83,1.61,2.3,1.64,2.37,1.65,2.55,1.6,2.34,-0.75,1.95,1.98,1.94,1.98,1.98,2.12,1.9,1.97
D1,29/11/2019,19:30,Schalke 04,Union Berlin,2,1,H,1,1,D,17,17,8,7,12,13,7,4,1,4,0,0,1.66,4,4.75,1.67,4,5,1.7,3.8,5,1.74,3.82,5.15,1.7,3.8,5,1.73,4,4.6,1.76,4.03,5.25,1.71,3.87,4.93,1.72,2.1,1.79,2.11,1.85,2.19,1.76,2.07,-0.75,1.97,1.96,1.97,1.95,1.99,1.98,1.93,1.94,1.66,4,4.75,1.67,4,5,1.7,3.8,5,1.72,3.78,5.4,1.7,4,5.25,1.7,3.9,5,1.8,4.1,5.48,1.71,3.8,5,1.9,1.9,1.99,1.92,2.02,2.12,1.9,1.93,-0.75,1.94,1.99,1.95,1.97,1.97,2.05,1.92,1.95
D1,30/11/2019,14:30,FC Koln,Augsburg,1,1,D,0,1,A,13,11,6,4,15,17,4,8,8,3,1,1,1.95,4,3.5,1.95,3.8,3.7,2,3.6,3.6,1.91,3.89,4.03,1.88,3.8,3.9,1.9,4,3.75,2,4,4.08,1.92,3.76,3.82,1.66,2.2,1.73,2.21,1.73,2.36,1.64,2.26,-0.5,1.93,2,1.93,1.99,2,2.02,1.92,1.95,1.95,3.75,3.6,1.91,3.75,3.8,1.9,3.7,3.9,2.03,3.79,3.69,2,3.75,3.5,2,3.9,3.5,2.1,4,3.9,1.98,3.76,3.64,1.66,2.2,1.67,2.32,1.7,2.36,1.65,2.24,-0.5,2.03,1.9,2.03,1.89,2.06,1.95,2,1.87
D1,30/11/2019,14:30,Hertha,Dortmund,1,2,A,1,2,A,13,7,3,5,13,8,2,2,3,2,0,1,4,4,1.8,4.4,3.8,1.78,4.1,3.7,1.85,4.23,3.96,1.85,4,3.9,1.83,4,4,1.83,4.4,4.12,1.9,4.1,3.9,1.83,1.61,2.3,1.63,2.4,1.65,2.4,1.61,2.32,0.75,1.75,2.05,1.83,2.1,1.85,2.12,1.81,2.06,4.33,4,1.7,4.25,4.1,1.75,4.1,3.7,1.85,4.5,4.28,1.74,4.6,4.2,1.7,4.4,4.1,1.75,4.84,4.32,1.85,4.32,4.09,1.75,1.53,2.5,1.56,2.54,1.61,2.55,1.56,2.42,0.75,1.97,1.96,1.98,1.94,2,1.99,1.94,1.94
D1,30/11/2019,14:30,Hoffenheim,Fortuna Dusseldorf,1,1,D,1,0,H,12,11,6,3,11,16,2,5,2,4,0,0,1.7,3.8,5,1.67,4.1,4.75,1.7,3.95,4.65,1.71,4.04,5.03,1.67,4,4.8,1.7,4,4.8,1.74,4.3,5.1,1.7,3.97,4.79,1.57,2.37,1.61,2.43,1.65,2.46,1.6,2.32,-0.75,1.92,2.01,1.9,2.01,1.93,2.02,1.89,1.98,1.75,3.9,4.2,1.75,4,4.4,1.77,3.9,4.35,1.77,3.88,4.82,1.75,3.8,4.6,1.8,3.9,4.33,1.81,4.02,4.89,1.77,3.85,4.48,1.66,2.2,1.67,2.31,1.68,2.45,1.62,2.29,-0.75,1.99,1.94,1.99,1.93,2.04,1.96,1.97,1.9
D1,30/11/2019,14:30,Paderborn,RB Leipzig,2,3,A,0,3,A,8,18,4,6,10,13,6,6,3,3,0,0,6.5,5.5,1.36,8,5.25,1.36,7.5,5.3,1.37,7.97,5.55,1.37,7.5,5.5,1.36,7.5,5.5,1.36,8.5,5.8,1.4,7.46,5.46,1.37,1.3,3.5,1.34,3.5,1.37,3.6,1.33,3.29,1.5,1.96,1.97,1.98,1.94,1.98,2.06,1.92,1.95,7.5,6,1.3,7.5,5.5,1.36,8,5.3,1.35,6.97,6.37,1.36,7.5,6,1.33,8.5,6,1.3,8.9,6.48,1.39,7.41,5.96,1.34,1.28,3.75,1.29,3.84,1.33,3.85,1.29,3.54,1.5,2.05,1.88,2.05,1.87,2.09,1.95,2,1.86
D1,30/11/2019,17:30,Bayern Munich,Leverkusen,1,2,A,1,2,A,24,11,11,7,9,16,8,2,1,3,0,1,1.28,6,8.5,1.3,5.75,9,1.3,6,8.7,1.29,6,9.85,1.27,6,10,1.3,6,9.5,1.32,6.63,11,1.29,6.04,9.37,1.3,3.5,1.32,3.55,1.34,3.71,1.31,3.4,-1.75,2,1.93,1.97,1.93,2.01,1.95,1.96,1.91,1.22,7,10,1.25,6.5,10.5,1.3,6,8.7,1.26,6.67,10.8,1.22,7,11,1.25,7,10.5,1.3,7.4,12,1.25,6.65,10.46,1.25,4,1.25,4.23,1.3,4.24,1.24,3.93,-2,2.02,1.91,2.01,1.9,2.15,1.98,2.01,1.86
D1,01/12/2019,14:30,M'gladbach,Freiburg,4,2,H,1,1,D,22,13,13,5,13,15,2,3,3,2,0,0,1.53,4.2,6,1.57,4.33,5.5,1.57,4.4,5.5,1.58,4.56,5.58,1.57,4.33,5.5,1.53,4.4,5.2,1.63,4.65,6,1.56,4.41,5.44,1.57,2.37,1.56,2.57,1.65,2.57,1.55,2.42,-1,1.97,1.96,1.97,1.95,2.03,1.98,1.94,1.92,1.53,4.5,5.5,1.57,4.33,5.5,1.6,4.1,5.5,1.55,4.42,6.22,1.52,4.4,6,1.55,4.5,5.75,1.6,4.6,6.37,1.55,4.37,5.8,1.66,2.2,1.65,2.35,1.66,2.53,1.6,2.33,-1,1.96,1.97,1.95,1.97,1.97,1.99,1.93,1.94
D1,01/12/2019,17:00,Wolfsburg,Werder Bremen,2,3,A,1,2,A,19,10,6,3,14,14,9,3,1,4,0,0,2.15,3.75,3,2.15,3.7,3.2,2.2,3.6,3.15,2.2,3.71,3.27,2.15,3.7,3.2,2.1,3.7,3.1,2.25,3.8,3.3,2.17,3.64,3.17,1.72,2.1,1.74,2.19,1.75,2.25,1.7,2.16,-0.25,1.93,2,1.93,2,1.94,2.01,1.9,1.97,2,3.75,3.3,2.1,3.6,3.4,2.1,3.6,3.35,2.12,3.72,3.45,2.05,3.6,3.5,2.1,3.75,3.3,2.26,3.88,3.76,2.11,3.62,3.36,1.72,2.1,1.72,2.22,1.75,2.26,1.7,2.16,-0.25,1.85,2.08,1.85,2.07,1.89,2.19,1.84,2.04
D1,02/12/2019,19:30,Mainz,Ein Frankfurt,2,1,H,0,1,A,18,14,8,4,13,10,8,6,1,2,0,1,2.8,3.75,2.37,2.8,3.7,2.35,2.8,3.55,2.4,2.91,3.6,2.45,2.8,3.6,2.4,2.7,3.75,2.3,3.04,3.95,2.5,2.81,3.59,2.4,1.57,2.37,1.6,2.45,1.63,2.55,1.57,2.37,0.25,1.81,2.13,1.81,2.12,1.84,2.13,1.78,2.09,2.75,3.8,2.25,2.8,3.75,2.35,2.85,3.4,2.45,3.04,3.91,2.25,3,3.75,2.2,2.9,3.8,2.3,3.18,4.03,2.45,2.91,3.78,2.28,1.44,2.75,1.47,2.85,1.55,3.02,1.45,2.71,0.25,1.94,1.99,1.93,1.98,1.99,2.1,1.9,1.97
D1,06/12/2019,19:30,Ein Frankfurt,Hertha,2,2,D,0,1,A,25,9,6,3,11,15,16,1,3,4,0,0,1.8,3.9,4.2,1.8,3.9,4.2,1.85,3.8,4,1.85,4.04,4.16,1.8,3.9,4.2,1.83,4,4,1.9,4.09,4.3,1.83,3.91,4.11,1.57,2.37,1.6,2.46,1.63,2.55,1.59,2.37,-0.5,1.85,2.08,1.85,2.07,1.9,2.11,1.83,2.04,1.72,4,4.33,1.75,4,4.33,1.85,3.8,4,1.82,3.95,4.38,1.73,3.9,4.6,1.8,4,4.1,1.85,4.15,4.94,1.78,3.98,4.28,1.61,2.3,1.64,2.36,1.65,2.55,1.6,2.34,-0.5,1.77,2.02,1.82,2.1,1.85,2.17,1.8,2.07
D1,07/12/2019,14:30,Augsburg,Mainz,2,1,H,1,1,D,18,12,5,3,13,14,8,2,2,2,0,0,2.2,3.6,3.1,2.35,3.6,2.9,2.25,3.6,3,2.28,3.7,3.11,2.3,3.6,3,2.3,3.7,2.9,2.35,3.75,3.13,2.28,3.62,2.99,1.61,2.3,1.62,2.41,1.65,2.41,1.62,2.3,-0.25,2.02,1.91,1.99,1.93,2.04,1.93,1.99,1.88,2.1,3.8,3.2,2.25,3.7,3,2.3,3.4,3.1,2.17,3.9,3.2,2.15,3.75,3.1,2.2,3.75,3.13,2.3,3.94,3.23,2.19,3.72,3.1,1.53,2.5,1.56,2.57,1.65,2.66,1.56,2.44,-0.25,1.91,2.02,1.91,2.01,1.96,2.05,1.91,1.96
D1,07/12/2019,14:30,Dortmund,Fortuna Dusseldorf,5,0,H,1,0,H,23,2,10,0,8,10,6,0,0,3,0,0,1.33,5.5,8.5,1.3,5.75,9.5,1.3,5.5,9.6,1.31,5.86,9.9,1.3,5.8,9.5,1.3,6,9,1.35,6.1,10.25,1.3,5.75,9.24,1.4,3,1.41,3.08,1.44,3.08,1.41,2.88,-1.5,1.9,2.03,1.92,2,1.92,2.09,1.87,2,1.3,5.5,8.5,1.33,5.5,8.75,1.33,5.3,8.8,1.32,5.72,9.94,1.3,5.8,9.5,1.33,5.5,9,1.34,5.95,10.15,1.32,5.56,9.11,1.4,3,1.41,3.06,1.46,3.19,1.41,2.88,-1.5,1.93,2,1.93,2,1.95,2.12,1.9,1.97
D1,07/12/2019,14:30,Freiburg,Wolfsburg,1,0,H,0,0,D,10,10,3,0,13,20,2,7,0,2,0,0,2.9,3.5,2.4,2.8,3.5,2.45,2.9,3.3,2.45,2.92,3.43,2.53,2.88,3.4,2.45,2.88,3.5,2.4,3,3.5,2.6,2.88,3.36,2.46,1.9,1.9,1.93,1.97,1.95,2.01,1.88,1.93,0.25,1.75,2.05,1.77,2.17,1.82,2.19,1.76,2.13,3.25,3.5,2.15,3.2,3.4,2.25,2.85,3.3,2.5,3.28,3.49,2.28,3.2,3.4,2.25,3.2,3.5,2.25,3.34,3.58,2.5,3.19,3.41,2.27,1.9,1.9,1.97,1.93,2.02,2.05,1.91,1.9,0.25,1.96,1.97,1.94,1.98,1.97,1.99,1.92,1.95
D1,07/12/2019,14:30,M'gladbach,Bayern Munich,2,1,H,0,0,D,7,17,3,5,12,17,2,5,3,5,0,1,5.25,4.5,1.57,5.25,4.75,1.55,4.6,4.3,1.65,5.51,4.67,1.57,5.25,4.5,1.57,5.25,4.75,1.55,5.6,4.8,1.65,5.24,4.61,1.56,1.36,3.2,1.35,3.4,1.4,3.4,1.35,3.15,1,2.03,1.9,2.02,1.89,2.04,2,1.98,1.88,5,5.25,1.5,5,5,1.53,4.6,4.3,1.65,5.44,5.06,1.53,5.5,5,1.5,5.4,5.2,1.5,5.75,5.35,1.65,5.27,4.95,1.52,1.28,3.75,1.3,3.73,1.35,4.02,1.3,3.49,1.25,1.85,2.08,1.85,2.06,1.95,2.12,1.84,2.03
D1,07/12/2019,14:30,RB Leipzig,Hoffenheim,3,1,H,1,0,H,25,11,14,1,14,5,8,6,3,1,0,0,1.44,4.75,6.5,1.42,5.25,6.5,1.5,4.6,5.9,1.45,5.16,6.73,1.42,5,7,1.44,5,6.5,1.52,5.25,7.2,1.44,4.98,6.48,1.4,3,1.43,2.97,1.47,3,1.42,2.82,-1.25,1.96,1.97,1.94,1.98,1.98,1.98,1.93,1.94,1.4,5,6.5,1.4,5.25,7,1.5,4.6,5.9,1.4,5.28,7.57,1.38,5.25,7.5,1.4,5.2,7,1.5,5.45,8.4,1.4,5.14,7.11,1.36,3.2,1.38,3.23,1.42,3.44,1.38,3.03,-1.25,1.86,2.07,1.83,2.08,1.89,2.16,1.83,2.04
D1,07/12/2019,17:30,Leverkusen,Schalke 04,2,1,H,1,0,H,19,5,9,3,11,11,9,0,2,2,0,0,1.95,3.75,3.75,1.91,3.6,4,1.95,3.65,3.8,1.98,3.75,3.9,1.91,3.7,3.9,1.95,3.8,3.75,1.99,3.8,4.05,1.94,3.66,3.85,1.72,2.1,1.73,2.21,1.79,2.22,1.72,2.13,-0.5,1.97,1.96,1.98,1.93,1.98,1.97,1.94,1.92,2,3.8,3.3,1.95,3.8,3.6,2.05,3.6,3.5,2.13,3.79,3.38,2.1,3.75,3.3,2.1,3.8,3.25,2.16,4,3.6,2.07,3.74,3.38,1.57,2.37,1.55,2.57,1.6,2.61,1.54,2.46,-0.25,1.87,2.06,1.86,2.06,1.9,2.2,1.83,2.06
D1,08/12/2019,14:30,Union Berlin,FC Koln,2,0,H,1,0,H,11,14,5,4,21,19,3,5,1,3,0,0,2.15,3.5,3.3,2.2,3.4,3.3,2.15,3.5,3.3,2.19,3.6,3.39,2.15,3.5,3.3,2.1,3.5,3.25,2.34,3.6,3.5,2.18,3.47,3.29,1.8,2,1.86,2.04,1.9,2.08,1.81,2,-0.25,1.9,2.03,1.9,2.02,1.93,2.05,1.88,1.98,2.1,3.5,3.4,2.1,3.5,3.5,2.1,3.45,3.45,2.14,3.55,3.56,2.1,3.5,3.5,2.15,3.5,3.5,2.2,3.6,3.6,2.12,3.49,3.46,1.8,2,1.88,2.01,1.99,2.07,1.85,1.96,-0.25,1.86,2.07,1.85,2.06,1.88,2.11,1.84,2.03
D1,08/12/2019,17:00,Werder Bremen,Paderborn,0,1,A,0,0,D,12,18,3,5,10,13,13,6,1,4,0,0,1.53,4.5,5.75,1.5,4.75,5.75,1.55,4.7,5.3,1.56,4.66,5.65,1.52,4.75,5.5,1.5,4.75,5.2,1.6,4.9,6,1.53,4.63,5.49,1.33,3.4,1.35,3.41,1.37,3.6,1.33,3.29,-1,1.85,2.08,1.85,2.06,1.87,2.11,1.83,2.03,1.5,5,5.5,1.5,4.75,5.75,1.45,4.8,6.4,1.53,4.93,5.59,1.5,4.6,6,1.53,4.8,5.4,1.57,5.05,6.55,1.51,4.81,5.62,1.33,3.4,1.34,3.47,1.36,3.7,1.32,3.32,-1.25,2,1.8,2.07,1.85,2.14,1.99,2.04,1.83
D1,13/12/2019,19:30,Hoffenheim,Augsburg,2,4,A,1,1,D,19,6,8,4,10,7,11,1,1,0,0,0,1.8,4,4.2,1.85,3.9,4,1.85,3.8,4.05,1.85,4.06,4.11,1.83,3.9,4,1.85,4,3.9,1.89,4.2,4.34,1.84,3.98,4.02,1.53,2.5,1.57,2.52,1.62,2.63,1.56,2.42,-0.5,1.88,2.05,1.86,2.06,1.9,2.1,1.84,2.03,1.9,3.8,3.75,1.95,3.8,3.7,1.9,3.8,3.8,1.95,3.94,3.81,1.88,3.9,3.8,1.95,3.9,3.6,2,4.1,4.1,1.92,3.87,3.74,1.57,2.37,1.61,2.44,1.62,2.57,1.57,2.39,-0.5,1.96,1.97,1.95,1.97,1.99,1.98,1.92,1.94
D1,14/12/2019,14:30,Bayern Munich,Werder Bremen,6,1,H,2,1,H,29,11,14,2,13,12,8,2,2,2,0,0,1.14,9,15,1.14,8.5,17.5,1.15,8.2,15.5,1.15,8.78,18.35,1.14,8.5,17,1.14,8.5,19,1.18,9.65,20,1.15,8.74,16.7,1.22,4.33,1.22,4.5,1.25,4.6,1.22,4.16,-2.5,2.03,1.9,2,1.9,2.04,1.91,2,1.86,1.12,10,17,1.12,10,17,1.2,7,13,1.11,11.24,21.16,1.11,10,19,1.09,11,26,1.2,12,26,1.11,10.37,19.89,1.2,4.5,1.16,5.49,1.22,5.5,1.17,4.77,-2.75,1.93,2,1.93,1.98,1.95,2.03,1.92,1.95
D1,14/12/2019,14:30,FC Koln,Leverkusen,2,0,H,0,0,D,13,6,5,2,12,9,3,4,2,3,0,2,4.2,3.9,1.8,4,3.9,1.85,4.05,3.9,1.83,4.24,3.91,1.85,4,3.9,1.83,4.2,4,1.8,4.4,4.05,1.9,4.13,3.9,1.83,1.57,2.37,1.63,2.39,1.64,2.45,1.59,2.35,0.75,1.77,2.02,1.82,2.1,1.9,2.1,1.82,2.05,4,3.75,1.9,4,3.9,1.85,3.9,3.7,1.9,3.78,3.77,2.01,3.8,3.75,1.91,3.7,3.9,1.93,4.05,4.02,2.02,3.83,3.81,1.91,1.57,2.37,1.61,2.44,1.62,2.5,1.58,2.38,0.5,1.95,1.98,1.91,2.01,2.01,2.03,1.94,1.92
D1,14/12/2019,14:30,Hertha,Freiburg,1,0,H,0,0,D,14,15,4,2,9,5,4,7,2,0,0,0,2,3.6,3.6,2.05,3.6,3.5,2,3.6,3.6,2.02,3.75,3.74,2,3.6,3.7,2.05,3.75,3.5,2.12,3.75,3.75,2.03,3.63,3.59,1.8,2,1.85,2.06,1.85,2.12,1.79,2.04,-0.5,2.06,1.87,2.02,1.89,2.1,1.89,2.03,1.84,1.85,3.5,4.2,1.95,3.6,3.9,2.05,3.4,3.7,1.96,3.67,4.1,1.88,3.6,4.2,1.91,3.75,3.9,2.05,3.76,4.34,1.94,3.63,3.91,1.8,2,1.79,2.12,1.82,2.15,1.77,2.05,-0.5,1.95,1.98,1.96,1.96,2.05,1.99,1.94,1.92
D1,14/12/2019,14:30,Mainz,Dortmund,0,4,A,0,1,A,9,18,0,7,8,10,3,5,1,0,0,0,5,4.33,1.6,5.25,4.2,1.62,4.8,4.2,1.65,5.05,4.22,1.68,5.25,4,1.63,4.8,4.2,1.67,5.3,4.54,1.69,4.95,4.19,1.65,1.44,2.75,1.48,2.8,1.49,2.88,1.46,2.7,1,1.83,2.1,1.81,2.12,1.9,2.12,1.8,2.07,6,4.75,1.5,5.5,5,1.5,5.5,4.4,1.55,6.29,4.81,1.5,6.5,4.75,1.47,6,4.8,1.5,6.5,5.05,1.6,5.84,4.79,1.5,1.36,3.2,1.39,3.18,1.43,3.2,1.38,3.02,1,2.07,1.72,2.15,1.78,2.17,1.97,2.09,1.78
D1,14/12/2019,14:30,Paderborn,Union Berlin,1,1,D,1,1,D,14,15,3,2,19,16,2,3,2,4,0,0,2.8,3.75,2.37,2.85,3.5,2.4,2.8,3.6,2.4,2.83,3.65,2.49,2.8,3.6,2.4,2.8,3.6,2.45,2.95,3.85,2.55,2.8,3.58,2.43,1.66,2.2,1.67,2.31,1.7,2.35,1.64,2.26,0,2.09,1.84,2.09,1.83,2.14,1.85,2.07,1.81,2.87,3.75,2.3,2.7,3.6,2.5,2.7,3.5,2.5,2.91,3.62,2.44,2.8,3.6,2.4,2.8,3.7,2.4,2.93,3.82,2.55,2.78,3.61,2.43,1.66,2.2,1.65,2.35,1.7,2.41,1.64,2.26,0.25,1.77,2.02,1.81,2.12,1.84,2.16,1.78,2.1
D1,14/12/2019,17:30,Fortuna Dusseldorf,RB Leipzig,0,3,A,0,1,A,4,21,1,7,11,7,3,9,2,1,0,0,7,4.75,1.44,6.25,5,1.45,6.6,4.7,1.45,6.77,5.11,1.45,6.5,5,1.44,6.5,5,1.45,7.05,5.25,1.47,6.52,4.93,1.44,1.44,2.75,1.47,2.83,1.52,2.85,1.46,2.7,1.25,1.94,1.99,1.97,1.95,1.97,2.01,1.91,1.94,6.5,5,1.4,6.75,5,1.42,7.2,5,1.4,6.57,5.06,1.46,7,5,1.42,6.5,5,1.45,7.4,5.25,1.48,6.7,4.99,1.43,1.5,2.62,1.5,2.74,1.5,2.92,1.46,2.69,1.25,1.88,2.05,1.86,2.06,1.95,2.08,1.9,1.96
D1,15/12/2019,14:30,Wolfsburg,M'gladbach,2,1,H,1,1,D,17,6,7,5,20,15,5,2,3,3,0,0,2.7,3.4,2.6,2.6,3.5,2.65,2.6,3.45,2.65,2.62,3.43,2.81,2.6,3.3,2.75,2.55,3.4,2.63,2.75,3.66,2.81,2.6,3.41,2.68,1.72,2.1,1.78,2.13,1.79,2.19,1.74,2.09,0,1.92,2.01,1.88,2.03,1.97,2.03,1.89,1.96,2.62,3.5,2.6,2.65,3.4,2.65,2.6,3.5,2.6,2.68,3.51,2.69,2.75,3.4,2.55,2.63,3.5,2.63,2.91,3.6,2.72,2.64,3.48,2.61,1.72,2.1,1.74,2.19,1.8,2.26,1.71,2.13,0,1.96,1.97,1.95,1.97,2.05,2,1.94,1.93
D1,15/12/2019,17:00,Schalke 04,Ein Frankfurt,1,0,H,0,0,D,11,17,5,3,15,12,7,6,1,4,1,0,1.9,3.75,3.6,2,3.7,3.6,1.95,3.8,3.6,1.97,3.93,3.77,1.95,3.8,3.6,1.93,3.8,3.5,2.01,4,3.78,1.96,3.79,3.61,1.66,2.2,1.66,2.33,1.74,2.33,1.66,2.22,-0.5,1.99,1.94,1.97,1.95,2.01,1.95,1.96,1.89,1.9,3.8,3.8,1.95,3.8,3.6,2,3.6,3.6,1.88,4.03,3.99,1.88,3.9,3.8,1.87,3.9,3.9,2.01,4.05,4.05,1.9,3.89,3.8,1.57,2.37,1.61,2.43,1.64,2.5,1.58,2.38,-0.5,1.88,2.05,1.88,2.03,2,2.08,1.88,1.98
D1,17/12/2019,17:30,Werder Bremen,Mainz,0,5,A,0,4,A,15,19,5,8,13,13,8,5,2,2,0,0,1.75,4.2,4.2,1.8,4,4.1,1.85,3.9,3.9,1.84,4.01,4.2,1.83,3.9,4,1.83,4.1,3.9,1.87,4.32,4.32,1.82,4,4.08,1.4,3,1.45,2.91,1.47,3,1.43,2.8,-0.75,2.06,1.87,2.07,1.85,2.07,1.88,2.03,1.84,1.66,4.33,4.5,1.72,4.2,4.33,1.85,3.9,3.9,1.71,4.29,4.67,1.67,4.2,4.75,1.7,4.4,4.33,1.85,4.42,4.85,1.7,4.25,4.47,1.36,3.2,1.39,3.16,1.45,3.22,1.37,3.04,-0.75,1.91,2.02,1.9,2.02,1.94,2.1,1.87,2
D1,17/12/2019,19:30,Augsburg,Fortuna Dusseldorf,3,0,H,1,0,H,12,6,7,2,10,15,4,2,3,4,0,0,1.75,4.2,4.2,1.72,4,4.5,1.7,4,4.6,1.81,4.15,4.24,1.78,4,4.2,1.8,4,4.2,1.85,4.32,4.6,1.78,4.04,4.21,1.66,2.2,1.68,2.3,1.69,2.38,1.65,2.25,-0.75,2.06,1.87,2.05,1.87,2.09,1.89,2.03,1.84,1.85,3.8,4,1.87,3.75,4,1.8,3.9,4.1,1.93,3.85,4.01,1.85,3.7,4.2,1.87,4,3.8,2,4,4.34,1.9,3.75,3.91,1.72,2.1,1.7,2.25,1.74,2.3,1.67,2.19,-0.5,1.93,2,1.93,1.99,1.95,2.02,1.9,1.96
D1,17/12/2019,19:30,Dortmund,RB Leipzig,3,3,D,2,0,H,14,12,6,8,9,5,12,3,0,0,0,0,2.1,3.8,3.2,2.1,3.8,3.25,2.2,3.8,3,2.24,3.79,3.14,2.2,3.7,3.1,2.25,3.8,3,2.3,3.92,3.33,2.19,3.76,3.11,1.44,2.75,1.46,2.88,1.48,2.95,1.44,2.76,-0.25,1.97,1.96,1.96,1.96,2,1.98,1.93,1.93,2.15,3.9,3,2.2,3.75,3,2.3,3.7,2.9,2.25,3.86,3.07,2.2,3.8,3,2.25,3.8,2.9,2.35,3.98,3.16,2.22,3.8,2.99,1.4,3,1.41,3.08,1.47,3.08,1.41,2.85,-0.25,1.99,1.94,1.98,1.94,2.05,1.95,1.95,1.91
D1,17/12/2019,19:30,Union Berlin,Hoffenheim,0,2,A,0,0,D,16,7,2,4,16,13,6,1,2,6,0,0,2.37,3.5,2.9,2.35,3.6,2.9,2.45,3.45,2.85,2.5,3.54,2.88,2.45,3.4,2.88,2.45,3.5,2.88,2.52,3.61,3,2.44,3.48,2.86,1.8,2,1.82,2.08,1.84,2.11,1.79,2.03,-0.25,2.07,1.72,2.16,1.78,2.17,1.8,2.12,1.77,2.3,3.6,2.87,2.4,3.5,2.85,2.35,3.5,2.95,2.46,3.58,2.91,2.35,3.6,2.9,2.4,3.5,2.9,2.5,3.7,3.04,2.39,3.5,2.89,1.8,2,1.86,2.03,1.9,2.13,1.79,2.02,-0.25,2.1,1.83,2.13,1.79,2.17,1.85,2.09,1.8
D1,18/12/2019,17:30,Leverkusen,Hertha,0,1,A,0,0,D,17,10,7,5,12,16,5,4,2,3,0,0,1.5,4.33,6.5,1.57,4,6,1.6,4.2,5.3,1.54,4.44,6.27,1.53,4.33,6,1.55,4.4,5.75,1.6,4.61,6.63,1.54,4.33,5.97,1.53,2.5,1.51,2.69,1.55,2.69,1.51,2.53,-1,1.9,2.03,1.88,2.03,1.93,2.05,1.87,1.98,1.5,4.5,6,1.53,4.33,6,1.6,4.2,5.3,1.52,4.58,6.33,1.5,4.33,6.5,1.53,4.5,5.75,1.6,4.65,6.8,1.51,4.45,6.12,1.53,2.5,1.54,2.6,1.56,2.69,1.52,2.5,-1,1.88,2.05,1.85,2.06,1.93,2.16,1.84,2.02
D1,18/12/2019,19:30,Ein Frankfurt,FC Koln,2,4,A,2,1,H,17,21,6,9,12,10,7,10,2,4,0,0,1.75,3.8,4.75,1.7,4,4.75,1.8,3.8,4.2,1.76,3.86,4.88,1.75,3.75,4.75,1.8,3.9,4.33,1.8,4.04,4.9,1.75,3.85,4.59,1.57,2.37,1.61,2.44,1.62,2.45,1.58,2.37,-0.75,2,1.93,1.98,1.93,2.01,1.95,1.96,1.9,1.9,3.8,3.8,1.91,3.6,4,1.85,3.8,4,1.97,3.78,3.91,1.88,3.7,4,1.95,3.8,3.7,1.98,3.9,4.2,1.92,3.73,3.86,1.61,2.3,1.63,2.39,1.65,2.5,1.59,2.35,-0.5,1.96,1.97,1.97,1.95,1.98,1.99,1.92,1.93
D1,18/12/2019,19:30,Freiburg,Bayern Munich,1,3,A,0,1,A,15,22,5,10,5,8,6,8,0,3,0,0,10,7.5,1.22,10.5,6.5,1.25,11,6.1,1.25,10.96,6.86,1.24,11,7,1.22,12,7,1.22,15,7.6,1.27,11.08,6.88,1.23,1.28,3.75,1.28,3.81,1.31,3.85,1.28,3.6,2,1.98,1.95,1.98,1.92,1.99,2.05,1.93,1.93,12,7.5,1.18,10.5,7.5,1.22,10.5,5.8,1.27,9.96,8.73,1.22,12,8,1.18,13,7.5,1.2,13,8.73,1.27,11.36,7.87,1.2,1.25,4,1.24,4.33,1.29,4.34,1.24,3.93,2.25,1.97,1.96,1.96,1.96,2.05,2.01,1.91,1.95
D1,18/12/2019,19:30,M'gladbach,Paderborn,2,0,H,0,0,D,17,12,6,2,6,14,8,4,2,3,0,0,1.33,6,7.5,1.3,6,9,1.33,5.5,8.3,1.3,6.07,9.24,1.3,5.8,9,1.3,6,8.5,1.34,6.35,10,1.3,5.89,8.74,1.28,3.75,1.29,3.74,1.3,3.95,1.28,3.63,-1.5,1.77,2.02,1.83,2.08,1.86,2.13,1.8,2.06,1.36,5.75,6.5,1.36,5.75,7.25,1.33,5.5,8.3,1.39,5.67,7.21,1.36,5.8,7,1.4,5.5,7,1.41,5.95,8.3,1.38,5.53,7.07,1.36,3.2,1.39,3.19,1.4,3.5,1.35,3.15,-1.5,2.07,1.86,2.04,1.88,2.09,1.96,2,1.86
D1,18/12/2019,19:30,Wolfsburg,Schalke 04,1,1,D,0,0,D,29,8,11,2,13,11,12,5,1,1,0,0,2.3,3.4,3.1,2.35,3.3,3.1,2.35,3.35,3.05,2.42,3.43,3.08,2.4,3.3,3,2.38,3.4,3,2.48,3.45,3.2,2.38,3.33,3.04,2,1.8,2.06,1.85,2.06,1.89,1.99,1.82,-0.25,2.07,1.86,2.08,1.83,2.09,1.89,2.05,1.82,2,3.6,3.5,2.05,3.5,3.6,2.1,3.5,3.5,2.09,3.62,3.64,2.05,3.6,3.5,2.1,3.5,3.5,2.3,3.7,3.65,2.08,3.5,3.52,1.9,1.9,1.93,1.96,1.97,2.05,1.9,1.91,-0.25,1.75,2.05,1.81,2.12,1.95,2.17,1.8,2.07
D1,20/12/2019,19:30,Hoffenheim,Dortmund,2,1,H,0,1,A,11,12,3,5,8,12,0,8,0,1,0,0,3.6,4,1.9,3.8,3.9,1.87,4,3.8,1.85,3.81,4.01,1.93,3.8,3.9,1.88,3.7,4,1.91,4.02,4.13,1.96,3.76,3.94,1.9,1.44,2.75,1.49,2.76,1.49,2.88,1.46,2.69,0.5,2.01,1.92,1.99,1.93,2.03,1.93,1.97,1.88,4.33,4.5,1.66,3.8,3.9,1.87,4.7,4,1.7,4.5,4.36,1.71,4.8,4.33,1.63,4.4,4.33,1.7,5.2,4.58,1.87,4.4,4.25,1.71,1.44,2.75,1.47,2.82,1.49,2.99,1.45,2.73,0.75,2.02,1.91,2.01,1.91,2.12,1.95,1.99,1.88
D1,21/12/2019,14:30,Bayern Munich,Wolfsburg,2,0,H,0,0,D,18,10,8,3,7,7,12,6,2,2,0,0,1.14,8.5,17,1.14,8.5,17,1.2,7.4,12,1.17,7.86,17.81,1.17,7.5,17,1.17,8,17,1.2,8.81,20,1.16,7.96,16.49,1.3,3.5,1.33,3.49,1.34,3.6,1.31,3.39,-2.25,2.02,1.91,1.99,1.91,2.04,1.95,1.97,1.89,1.18,7.5,13,1.19,7.25,13.5,1.22,7,11,1.22,6.86,13.38,1.18,7.5,15,1.2,7.5,13,1.23,8,17,1.2,7.22,13.24,1.3,3.5,1.32,3.55,1.35,3.72,1.31,3.39,-2,1.93,2,1.91,2,1.95,2.05,1.88,1.97
D1,21/12/2019,14:30,FC Koln,Werder Bremen,1,0,H,1,0,H,7,6,1,1,11,18,1,7,1,4,0,0,2.05,3.75,3.4,2.1,3.7,3.25,2,3.6,3.6,2.09,3.87,3.39,2.1,3.7,3.3,2.1,3.8,3.25,2.21,3.9,3.6,2.08,3.74,3.32,1.57,2.37,1.59,2.49,1.6,2.57,1.55,2.42,-0.25,1.85,2.08,1.83,2.09,1.87,2.1,1.82,2.04,1.9,3.8,3.8,1.91,3.9,3.7,2,3.6,3.6,1.93,3.95,3.84,1.91,3.8,3.8,1.93,3.9,3.7,2.03,4,3.95,1.92,3.87,3.73,1.57,2.37,1.6,2.46,1.6,2.51,1.57,2.41,-0.5,1.94,1.99,1.93,1.99,2,2.01,1.92,1.94
D1,21/12/2019,14:30,Mainz,Leverkusen,0,1,A,0,0,D,17,14,2,4,8,8,6,6,0,2,0,1,3.8,4,1.83,4.1,4,1.8,3.65,3.9,1.9,3.97,4.04,1.88,3.9,3.9,1.85,3.8,4,1.87,4.1,4.23,1.91,3.86,3.99,1.86,1.44,2.75,1.51,2.72,1.51,2.79,1.47,2.65,0.5,2.04,1.89,2.04,1.88,2.04,1.9,2,1.86,3.6,4,1.9,3.4,3.9,2,3.5,3.7,2,3.65,4.04,1.96,3.6,3.9,1.95,3.5,4,1.95,3.66,4.2,2.05,3.49,3.95,1.96,1.4,3,1.44,2.94,1.5,3,1.42,2.84,0.5,1.97,1.96,1.96,1.96,1.99,2,1.91,1.94
D1,21/12/2019,14:30,RB Leipzig,Augsburg,3,1,H,0,1,A,22,6,7,2,7,9,10,4,1,3,0,0,1.25,6.5,11,1.26,6.25,10,1.3,6,8.5,1.27,6.22,11.55,1.25,6,12,1.25,6.25,10.5,1.3,6.67,12.25,1.26,6.17,10.65,1.33,3.4,1.35,3.41,1.36,3.5,1.33,3.27,-1.75,1.93,2,1.94,1.98,1.95,2.03,1.9,1.96,1.25,6.5,10,1.26,6.25,10,1.3,6,8.5,1.24,6.75,12,1.24,6.5,11,1.25,6.5,11,1.3,7,12.25,1.25,6.51,10.47,1.3,3.5,1.32,3.61,1.36,3.68,1.31,3.38,-2,2.07,1.72,2.17,1.77,2.2,1.82,2.13,1.75
D1,21/12/2019,14:30,Schalke 04,Freiburg,2,2,D,1,0,H,19,19,6,7,9,12,7,5,1,1,0,0,1.65,3.8,5.5,1.65,4.1,5,1.7,3.8,5,1.7,3.94,5.19,1.7,3.8,5,1.7,4,4.8,1.74,4.1,5.67,1.68,3.91,5.06,1.66,2.2,1.71,2.23,1.73,2.25,1.69,2.17,-0.75,1.9,2.03,1.9,2.02,1.92,2.05,1.87,1.99,1.85,3.8,4,1.83,3.6,4.4,1.85,3.5,4.4,1.93,3.61,4.24,1.85,3.75,4.2,1.91,3.7,4,1.95,3.9,4.5,1.87,3.65,4.16,1.8,2,1.79,2.11,1.82,2.23,1.75,2.08,-0.5,1.93,2,1.93,1.99,1.96,2.06,1.88,1.98
D1,21/12/2019,17:30,Hertha,M'gladbach,0,0,D,0,0,D,8,11,0,5,11,11,1,7,2,2,0,0,3.1,3.7,2.2,3,3.7,2.25,2.9,3.5,2.35,3.21,3.65,2.23,3.2,3.5,2.2,3.1,3.6,2.25,3.24,3.73,2.35,3.1,3.6,2.22,1.61,2.3,1.68,2.3,1.68,2.41,1.62,2.28,0.25,1.97,1.96,1.97,1.95,1.98,1.98,1.92,1.93,2.8,3.6,2.37,2.85,3.5,2.4,3,3.5,2.3,2.93,3.59,2.41,2.88,3.5,2.4,2.88,3.5,2.45,3.1,3.7,2.53,2.87,3.51,2.4,1.72,2.1,1.79,2.11,1.79,2.25,1.7,2.15,0.25,1.72,2.07,1.83,2.1,1.83,2.19,1.77,2.1
D1,22/12/2019,14:30,Fortuna Dusseldorf,Union Berlin,2,1,H,1,0,H,22,17,8,6,8,18,7,5,2,4,0,0,2.75,3.25,2.62,2.7,3.25,2.7,2.75,3.3,2.6,2.87,3.31,2.61,2.8,3.3,2.55,2.7,3.3,2.55,2.87,3.41,2.7,2.77,3.28,2.6,1.9,1.9,2.04,1.86,2.04,1.98,1.94,1.86,0,2.02,1.91,2.05,1.87,2.05,1.94,1.99,1.87,3,3.4,2.3,2.95,3.3,2.45,2.75,3.25,2.6,3.07,3.39,2.42,3,3.4,2.38,3,3.4,2.4,3.1,3.5,2.6,2.99,3.34,2.41,2,1.8,2.06,1.84,2.12,1.92,2,1.81,0.25,1.83,2.1,1.83,2.09,1.85,2.14,1.81,2.07
D1,22/12/2019,17:00,Paderborn,Ein Frankfurt,2,1,H,2,0,H,19,20,5,5,11,11,3,8,3,2,0,0,3.4,4,2,3.75,4,1.87,3.05,3.7,2.2,3.56,3.93,2.02,3.5,3.8,2,3.25,4,1.95,3.75,4.05,2.2,3.47,3.88,1.99,1.44,2.75,1.48,2.79,1.48,2.9,1.43,2.77,0.5,1.91,2.02,1.9,2.02,1.95,2.05,1.88,1.97,3.1,4,2,3.2,4,2.05,3.4,3.8,2,3.2,3.97,2.13,3.25,3.9,2.05,3.13,4,2.1,3.54,4.16,2.2,3.16,3.92,2.09,1.5,2.62,1.51,2.7,1.51,2.9,1.47,2.66,0.25,2.03,1.9,2.03,1.88,2.12,1.93,2,1.86
